Density_Near,Density_Mid,Density_Far,D2Surface,RXN,BORN_RADIUS
12,40,389,2.135,-14.445,1.365
12,23,336,1.090,-21.783,0.905
12,22,332,1.090,-20.591,0.957
11,28,323,2.088,-22.230,0.887
10,26,315,2.097,-20.452,0.964
8,23,333,1.090,-23.799,0.828
7,30,310,1.090,-22.576,0.873
11,45,435,2.440,-27.471,0.718
12,40,399,2.452,-27.323,0.721
10,19,298,0.000,-31.623,0.623
9,19,328,0.000,-31.573,0.624
9,17,300,0.000,-30.558,0.645
12,28,377,1.781,-30.302,0.651
11,27,320,2.265,-30.353,0.649
4,27,314,0.000,-31.584,0.624
5,33,308,0.000,-31.941,0.617
5,31,301,0.000,-31.579,0.624
13,62,579,6.143,-11.003,1.792
13,58,537,5.792,-11.804,1.670
13,54,556,4.541,-19.180,1.028
11,42,515,4.750,-20.098,0.981
8,38,515,4.106,-23.898,0.825
12,67,651,6.138,-8.823,2.234
11,54,561,5.616,-30.101,0.655
11,49,479,5.916,-27.584,0.715
15,65,555,6.651,-9.938,1.984
12,63,619,4.760,-10.770,1.830
13,45,527,3.660,-27.423,0.719
9,34,448,4.780,-31.502,0.626
12,46,522,5.801,-26.966,0.731
8,42,554,3.471,-31.250,0.631
5,31,476,4.637,-32.048,0.615
15,76,801,8.554,-6.852,2.877
14,64,743,7.623,-8.748,2.253
13,78,767,8.456,-8.816,2.236
12,53,693,6.899,-19.708,1.000
14,71,862,9.344,-6.704,2.940
13,85,848,9.081,-5.356,3.680
15,76,707,7.023,-7.771,2.537
14,83,791,8.999,-6.253,3.152
10,80,798,9.202,-10.639,1.853
10,77,709,7.463,-20.307,0.971
9,54,647,6.386,-30.206,0.653
12,46,729,7.729,-29.740,0.663
10,49,659,6.159,-30.151,0.654
12,93,1180,11.921,-3.577,5.511
13,91,1205,12.432,-3.372,5.846
10,89,1135,11.725,-3.561,5.536
10,95,1254,13.752,-3.084,6.392
9,92,1147,12.437,-3.418,5.767
10,95,1258,14.382,-3.025,6.517
9,91,1211,13.763,-3.176,6.207
10,92,1183,14.574,-3.228,6.107
11,91,1230,12.648,-3.362,5.863
13,88,1143,10.930,-3.978,4.955
9,90,1079,10.694,-3.975,4.959
8,93,1293,14.386,-3.011,6.547
10,98,1070,12.048,-3.586,5.497
10,90,1285,15.441,-2.939,6.707
11,87,1213,15.474,-3.168,6.222
9,94,1136,13.211,-3.365,5.858
9,97,1131,13.547,-3.363,5.862
13,85,1084,12.182,-3.629,5.432
11,87,1161,13.540,-3.262,6.043
16,83,1194,13.594,-3.328,5.923
16,84,1192,13.198,-3.383,5.827
13,85,1191,13.827,-3.565,5.529
10,88,1239,13.843,-3.272,6.025
14,79,1144,12.829,-3.434,5.740
13,85,1158,12.299,-3.653,5.396
14,85,1201,12.602,-3.436,5.737
10,94,1120,12.960,-3.720,5.299
10,92,1141,13.977,-4.165,4.733
11,89,1218,14.534,-3.481,5.663
10,90,1223,12.936,-3.338,5.905
10,89,1245,13.818,-3.277,6.015
12,83,1286,14.592,-3.111,6.336
17,87,1143,14.351,-3.674,5.365
15,83,1084,12.974,-4.376,4.505
11,86,1066,12.715,-3.933,5.012
10,83,1050,13.011,-5.149,3.828
16,90,1188,15.105,-3.663,5.382
12,87,1171,14.509,-3.398,5.801
18,73,1042,12.258,-4.734,4.164
11,90,1075,12.846,-3.664,5.380
12,92,1098,13.603,-3.876,5.086
10,83,1003,11.682,-4.353,4.528
14,80,1043,13.344,-5.795,3.402
9,76,989,12.029,-6.058,3.254
10,87,1088,13.903,-4.746,4.153
16,76,853,11.743,-7.177,2.747
16,87,897,11.981,-5.561,3.545
12,91,833,11.292,-5.060,3.896
12,93,973,12.290,-4.795,4.111
16,76,814,11.386,-7.037,2.801
15,73,805,10.967,-8.651,2.279
13,87,929,11.480,-5.825,3.384
12,89,862,11.367,-4.502,4.379
12,91,794,10.218,-5.425,3.634
11,89,826,10.455,-4.862,4.054
10,97,1014,12.433,-4.228,4.662
11,90,936,11.288,-4.393,4.487
10,85,1015,13.219,-4.785,4.120
12,37,697,8.616,-19.923,0.989
12,40,640,7.311,-20.110,0.980
9,52,656,7.365,-19.786,0.996
10,35,546,6.242,-20.011,0.985
8,49,611,6.408,-19.942,0.988
9,33,496,5.082,-20.149,0.978
8,40,521,5.189,-20.162,0.978
5,33,474,4.418,-24.834,0.794
11,35,770,9.441,-31.069,0.634
9,32,660,8.800,-30.360,0.649
9,53,735,8.340,-29.704,0.664
6,34,516,6.493,-31.477,0.626
7,54,642,6.792,-30.291,0.651
9,26,436,4.351,-31.564,0.625
12,64,970,11.633,-13.345,1.477
12,66,1025,12.016,-11.964,1.648
11,70,951,11.392,-19.211,1.026
9,72,1090,13.177,-11.850,1.664
9,71,1004,12.001,-18.745,1.052
10,75,1113,13.716,-18.330,1.075
10,73,1071,13.153,-11.231,1.755
11,69,1101,13.498,-10.886,1.811
14,62,1021,12.410,-26.488,0.744
9,50,957,11.651,-30.460,0.647
11,61,913,10.533,-23.405,0.842
11,67,1130,13.779,-22.521,0.875
9,70,968,11.680,-10.702,1.842
10,78,1170,14.667,-8.907,2.213
6,77,1163,14.365,-25.994,0.758
8,96,1003,12.626,-5.626,3.504
10,98,1028,13.048,-4.985,3.954
11,93,1056,13.522,-6.775,2.910
14,78,962,12.235,-6.279,3.139
12,70,723,9.044,-10.888,1.810
13,64,661,8.384,-21.524,0.916
11,74,762,10.306,-9.355,2.107
12,59,694,8.745,-26.795,0.736
9,61,625,7.312,-29.919,0.659
8,76,810,9.754,-6.838,2.883
13,77,821,11.012,-7.858,2.509
9,70,730,10.111,-26.611,0.741
12,62,547,4.909,-10.743,1.835
13,50,515,4.884,-12.547,1.571
12,34,461,4.039,-20.025,0.984
11,24,405,2.567,-23.673,0.833
10,20,350,2.108,-20.568,0.958
10,20,357,2.557,-23.845,0.827
6,17,319,1.090,-24.620,0.801
10,48,517,4.015,-27.267,0.723
11,70,589,5.709,-9.627,2.048
14,45,488,4.765,-14.974,1.316
13,55,553,5.907,-16.626,1.186
9,31,432,4.494,-31.449,0.627
8,40,500,4.504,-31.002,0.636
9,28,393,3.644,-31.459,0.627
6,19,334,2.310,-31.599,0.624
4,19,325,0.000,-32.193,0.612
5,13,286,0.000,-32.212,0.612
16,80,781,8.643,-7.654,2.575
14,63,734,7.801,-8.382,2.352
11,77,815,9.542,-10.270,1.919
9,56,652,6.772,-19.557,1.008
17,76,846,9.369,-6.505,3.030
11,63,780,8.567,-8.557,2.304
12,68,707,7.421,-7.974,2.472
10,77,855,10.143,-7.788,2.531
9,85,864,10.371,-8.355,2.359
10,68,768,9.038,-27.565,0.715
8,52,609,6.389,-29.880,0.660
8,53,672,7.423,-29.553,0.667
11,52,616,5.932,-29.845,0.660
16,87,1038,12.437,-4.408,4.472
13,89,1058,12.858,-4.242,4.647
11,80,1115,12.043,-3.635,5.423
10,78,1069,13.337,-4.384,4.496
15,91,1022,12.152,-4.047,4.871
11,92,1126,13.714,-4.399,4.481
12,83,1036,12.070,-4.706,4.189
10,90,1154,12.963,-3.457,5.702
11,84,1100,11.500,-3.785,5.208
13,77,1107,11.853,-3.583,5.502
13,74,1105,13.806,-4.785,4.120
10,82,1111,13.200,-3.881,5.079
11,81,1011,12.634,-5.077,3.883
12,80,893,9.243,-5.946,3.315
10,88,962,9.965,-4.691,4.202
10,88,934,9.655,-4.634,4.254
6,92,872,8.048,-5.253,3.753
10,68,868,8.275,-6.752,2.920
11,82,852,9.198,-6.132,3.215
12,87,1010,11.017,-4.180,4.716
12,82,996,9.905,-4.991,3.950
5,89,837,7.930,-5.341,3.691
7,84,822,7.264,-6.843,2.881
8,85,915,8.222,-4.956,3.978
11,51,648,7.548,-13.917,1.416
11,51,667,7.710,-19.558,1.008
10,68,748,8.662,-9.139,2.157
7,38,607,7.188,-31.437,0.627
14,48,644,7.688,-12.692,1.553
9,48,630,7.581,-31.196,0.632
9,50,619,6.792,-30.269,0.651
12,64,753,8.653,-9.477,2.080
11,74,750,8.619,-7.305,2.698
13,90,827,7.624,-6.321,3.119
13,82,774,8.379,-8.996,2.191
12,65,709,8.199,-19.549,1.008
13,55,657,6.986,-21.599,0.913
12,45,611,6.946,-20.125,0.980
10,39,618,8.053,-23.504,0.839
8,41,566,6.031,-22.150,0.890
12,83,819,7.648,-5.786,3.407
10,100,885,8.308,-5.763,3.421
12,83,820,9.432,-10.073,1.957
16,71,748,8.278,-9.427,2.091
14,68,723,8.375,-22.788,0.865
11,57,703,8.165,-29.806,0.661
13,56,641,6.245,-27.431,0.719
6,35,552,8.002,-31.449,0.627
9,56,639,8.054,-29.933,0.659
5,31,519,6.325,-31.533,0.625
8,49,540,5.179,-30.391,0.649
12,70,857,6.537,-12.054,1.635
12,75,962,7.993,-7.820,2.521
10,76,1002,8.833,-6.013,3.278
11,83,999,8.694,-6.414,3.073
9,93,1074,10.185,-4.430,4.450
9,85,1096,10.060,-4.612,4.274
9,91,1118,10.736,-3.999,4.929
9,64,831,6.498,-29.632,0.665
10,69,833,6.283,-26.807,0.735
8,73,939,8.554,-6.709,2.938
10,86,966,8.295,-8.036,2.453
10,86,1085,10.501,-4.119,4.786
8,89,1119,10.697,-4.165,4.733
9,87,1184,11.815,-3.576,5.512
8,39,530,1.090,-22.330,0.883
6,29,469,0.000,-31.638,0.623
7,35,539,1.678,-31.480,0.626
9,42,533,1.679,-30.396,0.649
15,56,561,5.396,-12.451,1.583
11,44,523,4.943,-16.112,1.223
11,53,552,4.637,-20.174,0.977
14,65,611,5.055,-10.810,1.824
8,44,504,4.473,-24.208,0.814
11,52,542,6.315,-30.330,0.650
15,69,615,5.783,-9.033,2.182
10,28,463,4.296,-31.528,0.625
10,41,497,5.911,-31.989,0.616
16,67,634,5.482,-8.618,2.287
10,88,724,7.754,-6.409,3.076
9,94,829,8.303,-4.812,4.097
12,87,732,8.022,-5.925,3.327
10,80,732,7.071,-8.243,2.391
8,95,823,8.320,-4.721,4.175
12,48,522,3.529,-12.958,1.521
11,33,494,2.353,-20.082,0.982
10,28,470,1.914,-17.317,1.138
8,36,508,3.098,-24.959,0.790
5,18,416,1.090,-25.085,0.786
9,41,489,3.467,-27.532,0.716
12,52,561,4.198,-11.625,1.696
10,45,522,3.055,-30.180,0.653
9,26,454,1.943,-31.457,0.627
4,19,395,0.000,-32.121,0.614
13,76,642,7.945,-6.856,2.875
12,63,579,7.222,-9.669,2.039
9,52,515,6.207,-20.143,0.979
7,60,578,6.696,-12.572,1.568
6,40,474,6.081,-21.759,0.906
6,45,516,6.404,-23.591,0.836
12,90,628,7.328,-7.104,2.775
13,81,704,8.442,-6.310,3.124
8,58,486,5.465,-26.673,0.739
7,60,626,6.653,-25.136,0.784
4,31,425,5.571,-32.343,0.609
10,90,912,9.688,-4.403,4.477
13,91,913,10.659,-4.146,4.755
12,92,975,9.988,-4.163,4.735
12,88,867,9.546,-5.093,3.871
13,87,989,11.017,-3.969,4.967
12,68,773,5.099,-18.829,1.047
10,60,747,5.522,-19.278,1.023
12,42,662,4.597,-19.855,0.993
13,33,588,3.308,-21.826,0.903
9,27,556,2.102,-17.186,1.147
9,20,593,2.531,-24.313,0.811
7,26,497,1.090,-24.514,0.804
11,58,717,4.524,-13.185,1.495
14,46,765,4.706,-29.812,0.661
12,60,815,6.382,-13.071,1.508
12,66,741,5.991,-29.898,0.659
10,36,672,4.625,-31.377,0.628
6,45,645,5.270,-31.830,0.619
7,27,642,3.618,-31.289,0.630
5,20,561,2.273,-32.150,0.613
5,28,475,1.888,-31.560,0.625
5,22,459,0.000,-32.168,0.613
16,67,968,8.859,-11.140,1.770
14,81,969,8.545,-8.469,2.328
12,89,1051,9.904,-5.062,3.894
11,74,921,8.110,-10.457,1.885
11,57,902,8.007,-30.859,0.639
12,67,992,9.334,-11.719,1.682
15,67,953,7.882,-7.876,2.503
11,94,1057,9.900,-4.741,4.158
12,85,1072,10.249,-4.663,4.227
13,83,1066,10.573,-4.944,3.987
10,83,919,8.112,-6.676,2.953
10,73,941,9.010,-10.101,1.952
12,65,865,7.098,-26.810,0.735
8,80,888,9.720,-11.197,1.761
9,76,816,9.560,-25.903,0.761
9,71,852,8.803,-26.801,0.736
9,76,954,10.574,-7.869,2.505
8,90,983,10.113,-4.459,4.421
11,90,972,10.135,-4.393,4.487
11,89,910,9.464,-5.140,3.835
13,79,1043,11.192,-4.048,4.870
15,93,928,10.766,-3.998,4.931
14,84,914,9.500,-4.118,4.787
11,97,805,8.442,-4.396,4.484
11,87,972,10.001,-3.982,4.950
12,93,924,11.206,-4.044,4.875
14,89,870,10.321,-4.375,4.506
14,90,916,8.878,-4.616,4.270
10,97,784,7.611,-4.650,4.239
10,96,770,8.138,-4.640,4.248
11,89,799,8.702,-4.463,4.417
11,90,944,9.239,-4.229,4.661
13,83,946,10.165,-3.948,4.993
11,88,1025,10.408,-3.829,5.148
16,89,1035,12.049,-3.861,5.106
11,89,966,10.659,-4.206,4.687
11,89,1058,12.796,-3.745,5.264
18,77,1083,12.660,-3.770,5.229
14,85,975,10.809,-4.104,4.803
12,89,938,10.331,-4.528,4.353
11,89,933,10.138,-4.410,4.470
11,96,1061,12.892,-3.592,5.488
12,89,1001,12.271,-3.925,5.022
9,98,1107,13.849,-3.474,5.674
10,94,805,8.708,-8.248,2.390
11,93,731,8.118,-21.102,0.934
13,85,770,8.185,-6.834,2.884
14,90,841,9.699,-7.115,2.771
12,89,707,8.135,-8.609,2.290
14,59,506,6.242,-12.462,1.582
10,42,534,7.163,-23.887,0.825
10,51,431,6.016,-21.594,0.913
19,59,562,6.862,-11.223,1.756
8,38,542,8.034,-30.181,0.653
12,54,424,5.537,-15.593,1.264
7,46,388,5.446,-31.441,0.627
9,49,435,6.448,-30.270,0.651
11,30,401,2.125,-21.685,0.909
11,23,389,1.090,-20.524,0.960
12,31,409,2.158,-20.280,0.972
7,27,414,2.646,-31.579,0.624
11,28,363,2.336,-32.181,0.613
9,25,419,1.781,-32.142,0.613
8,17,343,0.000,-31.639,0.623
10,34,428,2.737,-31.375,0.628
10,31,371,2.343,-31.576,0.624
13,42,346,3.695,-15.122,1.304
11,30,325,2.387,-20.260,0.973
9,15,291,1.253,-21.905,0.900
7,16,269,2.202,-25.434,0.775
5,10,275,0.000,-25.499,0.773
14,43,358,3.955,-30.318,0.650
11,35,314,3.925,-30.393,0.649
8,29,319,2.669,-31.527,0.625
10,38,366,2.697,-27.581,0.715
6,25,293,3.099,-31.617,0.623
14,83,615,7.702,-8.288,2.378
15,63,573,7.203,-18.925,1.042
16,56,642,8.505,-17.331,1.137
13,36,608,8.447,-22.226,0.887
10,32,665,9.871,-23.534,0.838
15,84,658,8.476,-7.670,2.570
17,81,631,7.973,-7.414,2.659
17,55,534,6.659,-24.785,0.795
11,60,561,6.700,-31.169,0.632
13,59,689,9.073,-24.706,0.798
15,60,683,9.152,-12.864,1.532
13,31,559,8.080,-30.195,0.653
10,34,584,7.933,-31.426,0.627
6,26,636,10.005,-32.452,0.607
8,42,693,10.422,-31.020,0.635
10,40,704,10.298,-29.908,0.659
15,77,617,7.837,-11.173,1.764
16,72,684,7.742,-8.584,2.296
11,66,671,7.140,-19.276,1.023
12,86,769,9.210,-6.302,3.128
12,68,625,8.508,-26.181,0.753
14,62,587,6.887,-30.061,0.656
13,86,680,7.307,-8.016,2.459
8,64,615,6.113,-30.917,0.638
10,59,670,7.698,-30.040,0.656
9,78,687,7.123,-15.444,1.276
12,89,773,9.739,-5.286,3.729
11,90,810,9.349,-5.665,3.480
14,78,764,9.794,-6.701,2.942
14,57,400,4.153,-13.606,1.449
14,38,364,2.812,-19.013,1.037
13,27,328,2.148,-20.037,0.984
11,17,295,1.090,-21.866,0.902
10,19,292,1.090,-24.585,0.802
13,57,398,4.214,-15.059,1.309
10,52,416,4.749,-27.376,0.720
11,39,368,3.281,-27.512,0.717
12,43,355,2.525,-27.233,0.724
9,33,321,2.422,-31.623,0.623
10,25,329,2.422,-31.568,0.624
9,23,285,0.000,-31.558,0.625
8,11,263,0.000,-31.710,0.622
11,20,325,1.888,-30.489,0.647
6,16,266,0.000,-32.231,0.612
13,54,447,6.224,-19.946,0.988
10,44,405,5.062,-24.112,0.818
9,40,446,6.711,-21.839,0.903
13,61,484,6.411,-27.124,0.727
9,54,390,4.816,-27.416,0.719
9,47,490,5.952,-27.306,0.722
8,36,421,6.036,-31.435,0.627
6,35,457,6.655,-31.562,0.625
12,89,683,7.034,-5.491,3.590
14,70,673,7.176,-7.154,2.755
10,62,655,6.369,-9.617,2.050
9,80,647,8.368,-8.147,2.420
9,52,629,6.935,-13.710,1.438
9,61,629,8.676,-12.754,1.546
9,49,613,8.157,-14.365,1.372
5,38,580,8.924,-24.859,0.793
12,85,744,6.901,-5.371,3.670
13,87,694,7.824,-5.083,3.878
8,72,653,5.484,-10.073,1.957
12,84,651,8.901,-7.206,2.736
6,51,596,6.612,-30.288,0.651
7,64,608,8.105,-29.996,0.657
12,48,369,1.090,-21.588,0.913
11,41,354,2.145,-13.988,1.409
9,37,316,1.254,-20.358,0.968
6,36,307,0.000,-24.922,0.791
9,28,311,2.204,-24.288,0.812
9,32,338,0.000,-31.537,0.625
12,58,380,1.781,-27.198,0.725
13,49,380,3.035,-12.606,1.564
9,34,339,2.433,-31.419,0.627
6,33,325,3.100,-31.542,0.625
12,54,491,2.122,-19.044,1.035
12,37,503,1.090,-20.104,0.981
10,39,523,2.121,-20.176,0.977
7,41,527,3.016,-24.135,0.817
7,27,528,2.764,-21.810,0.904
15,64,543,3.020,-9.539,2.067
11,49,466,2.410,-31.448,0.627
9,29,456,0.000,-31.600,0.624
10,38,531,1.780,-27.473,0.718
4,28,535,3.777,-31.666,0.623
6,28,519,2.723,-31.593,0.624
14,70,689,5.212,-9.669,2.039
12,63,717,5.336,-10.504,1.877
9,70,719,4.803,-8.015,2.459
10,57,713,5.849,-14.892,1.324
9,61,717,4.860,-10.070,1.958
8,57,723,5.899,-19.733,0.999
9,59,704,5.432,-12.477,1.580
6,59,688,5.986,-23.487,0.839
11,59,723,5.087,-15.384,1.281
11,83,697,5.470,-7.405,2.662
11,77,690,4.755,-6.891,2.861
7,48,727,6.526,-30.970,0.637
7,69,689,4.862,-24.370,0.809
5,57,713,6.604,-30.091,0.655
16,82,696,5.650,-7.097,2.778
14,83,748,5.498,-7.463,2.641
12,85,758,6.301,-7.035,2.802
11,73,770,5.706,-12.927,1.525
15,86,688,6.011,-6.210,3.174
11,93,807,6.436,-6.159,3.201
12,70,702,4.676,-7.885,2.500
11,92,821,7.320,-5.765,3.419
10,89,722,5.802,-6.528,3.020
14,74,768,6.352,-24.158,0.816
9,68,815,5.944,-29.988,0.657
11,78,815,6.733,-21.755,0.906
9,59,720,4.905,-29.939,0.658
11,52,447,1.090,-21.675,0.909
10,52,492,2.138,-15.090,1.306
12,51,533,2.857,-15.167,1.300
9,37,401,0.000,-31.523,0.625
13,44,447,1.780,-30.334,0.650
8,39,461,2.331,-31.969,0.617
12,55,546,3.010,-13.484,1.462
10,41,497,2.946,-31.456,0.627
11,55,593,3.890,-29.410,0.670
13,39,456,2.716,-20.118,0.980
12,27,430,2.379,-20.012,0.985
9,18,354,1.250,-21.967,0.897
7,11,336,0.000,-25.511,0.773
5,18,337,2.199,-25.682,0.768
11,35,475,2.796,-30.233,0.652
12,34,422,2.498,-30.472,0.647
10,32,417,3.056,-30.133,0.654
8,35,466,3.097,-30.173,0.653
6,17,375,1.090,-31.697,0.622
12,35,459,2.148,-15.299,1.288
12,41,473,2.745,-24.093,0.818
9,26,396,1.090,-18.993,1.038
10,33,465,2.394,-31.303,0.630
14,44,520,3.725,-20.260,0.973
7,20,396,1.679,-32.164,0.613
9,29,391,1.937,-31.533,0.625
6,18,365,0.000,-32.186,0.612
12,84,692,6.077,-7.548,2.612
12,70,651,5.910,-10.652,1.851
10,54,586,5.181,-13.248,1.488
9,71,652,6.767,-19.257,1.024
7,47,547,5.369,-22.256,0.886
9,50,587,6.640,-23.448,0.841
12,82,764,6.951,-7.009,2.812
14,79,685,5.255,-8.058,2.446
9,71,699,7.614,-24.598,0.801
5,44,473,4.763,-32.167,0.613
10,47,561,6.648,-30.276,0.651
12,76,712,7.798,-19.054,1.035
12,88,707,7.971,-7.842,2.514
12,88,633,6.743,-8.216,2.399
11,76,564,6.582,-21.092,0.935
11,69,495,6.333,-10.925,1.804
10,69,492,5.960,-12.984,1.518
7,69,452,6.098,-21.229,0.929
11,67,701,8.037,-29.941,0.658
14,65,674,6.771,-30.045,0.656
12,88,762,7.966,-6.027,3.271
11,80,692,8.615,-8.567,2.301
15,74,631,6.006,-8.529,2.311
13,89,638,6.445,-6.793,2.902
10,78,527,5.339,-10.788,1.827
6,66,436,5.556,-30.200,0.653
5,63,474,6.152,-30.965,0.637
7,61,418,5.260,-30.008,0.657
12,80,818,10.433,-6.618,2.979
13,74,803,10.443,-7.495,2.630
9,79,860,9.988,-6.406,3.077
9,79,722,9.491,-11.393,1.730
9,71,817,9.095,-7.225,2.728
8,70,694,8.925,-19.412,1.015
9,67,740,8.643,-10.669,1.848
9,67,689,7.978,-23.562,0.837
10,84,788,9.538,-6.513,3.027
12,83,890,10.866,-5.393,3.655
11,82,907,10.497,-5.201,3.790
9,72,693,8.968,-25.545,0.772
8,77,839,8.943,-6.311,3.124
6,70,638,7.873,-29.966,0.658
11,54,584,6.020,-14.849,1.328
12,47,544,5.135,-21.928,0.899
8,48,563,6.653,-30.345,0.650
10,59,544,5.621,-30.216,0.652
7,46,477,4.526,-30.322,0.650
12,60,636,6.244,-19.791,0.996
13,54,690,7.574,-10.610,1.858
11,71,785,8.647,-7.216,2.732
9,43,674,7.955,-19.828,0.994
10,76,844,9.882,-7.329,2.690
10,43,725,9.285,-14.657,1.345
10,63,802,10.158,-11.385,1.731
8,63,853,11.460,-14.213,1.387
8,52,654,6.444,-30.198,0.653
10,49,576,5.474,-29.959,0.658
9,90,805,8.639,-6.282,3.138
6,37,611,7.354,-31.393,0.628
9,87,917,10.738,-6.004,3.283
7,37,707,9.742,-29.244,0.674
6,57,808,11.303,-30.886,0.638
12,34,389,2.143,-20.345,0.969
10,23,363,1.090,-22.436,0.879
8,31,398,2.136,-16.728,1.178
7,34,428,2.818,-24.184,0.815
6,27,426,2.966,-24.935,0.791
9,26,361,2.355,-31.575,0.624
12,36,401,2.551,-27.769,0.710
8,23,366,1.781,-31.576,0.624
8,15,313,0.000,-31.662,0.623
13,53,542,7.214,-13.016,1.514
12,54,618,7.875,-19.864,0.992
10,38,488,6.633,-20.294,0.971
11,45,541,6.555,-26.623,0.740
7,48,616,8.476,-30.217,0.652
7,34,432,6.071,-32.081,0.614
10,40,479,5.633,-30.416,0.648
7,36,475,7.001,-31.504,0.626
12,90,770,9.004,-5.739,3.435
13,76,853,10.391,-4.635,4.253
11,80,929,11.493,-4.122,4.782
9,85,836,10.613,-5.075,3.884
9,79,989,12.288,-3.841,5.132
8,91,890,10.524,-4.918,4.008
8,82,978,11.522,-3.992,4.938
13,80,717,8.357,-6.316,3.121
13,88,813,8.729,-5.370,3.671
11,81,929,11.455,-4.145,4.756
6,80,795,9.976,-5.947,3.315
10,79,1031,12.106,-3.687,5.346
8,85,904,9.820,-5.438,3.625
9,84,1014,11.645,-3.788,5.204
11,40,540,8.486,-19.804,0.995
12,38,553,7.700,-19.892,0.991
9,45,618,7.133,-21.067,0.936
7,39,505,7.931,-24.752,0.796
9,39,525,7.904,-30.123,0.654
8,38,487,7.853,-31.328,0.629
8,60,638,7.302,-27.325,0.721
14,51,497,5.255,-13.227,1.490
12,41,445,4.424,-15.220,1.295
13,27,433,3.904,-20.113,0.980
12,18,357,2.544,-21.946,0.898
11,9,312,2.098,-21.947,0.898
9,11,326,1.090,-24.587,0.802
7,9,253,1.090,-24.663,0.799
11,47,488,4.789,-30.193,0.653
13,53,541,6.003,-27.212,0.724
10,50,446,4.937,-31.284,0.630
12,34,405,3.821,-30.264,0.651
11,27,434,3.536,-31.193,0.632
9,37,458,4.479,-29.874,0.660
6,26,340,2.258,-31.514,0.626
9,19,367,1.888,-32.060,0.615
5,13,276,0.000,-32.224,0.612
5,9,247,0.000,-32.240,0.611
5,9,219,0.000,-32.292,0.610
16,86,783,8.205,-5.152,3.826
13,84,842,8.774,-4.815,4.094
10,89,827,8.477,-4.922,4.005
10,88,935,10.295,-4.094,4.815
13,82,791,8.910,-5.061,3.895
13,77,821,8.598,-5.532,3.563
16,83,843,8.451,-4.909,4.016
10,92,895,9.540,-4.459,4.421
10,87,791,8.543,-5.549,3.552
14,83,834,8.092,-5.190,3.798
11,87,971,10.756,-4.046,4.872
7,92,932,10.755,-4.182,4.714
11,91,987,10.628,-3.861,5.106
16,53,546,4.509,-11.704,1.684
13,36,520,4.573,-15.096,1.306
11,50,481,3.698,-19.813,0.995
9,32,475,5.624,-22.415,0.879
14,55,582,5.567,-24.934,0.791
10,49,547,5.159,-31.007,0.636
12,34,462,3.678,-30.482,0.647
9,38,457,4.090,-31.892,0.618
11,60,492,4.240,-27.416,0.719
12,39,446,2.645,-27.574,0.715
6,26,452,5.967,-31.572,0.624
9,36,511,6.569,-30.273,0.651
8,28,444,5.302,-32.146,0.613
12,34,417,2.360,-21.703,0.908
8,29,374,1.256,-22.417,0.879
8,26,356,0.000,-25.033,0.787
5,32,354,2.207,-25.425,0.775
10,24,386,2.808,-31.591,0.624
9,44,446,3.208,-27.458,0.718
8,31,377,0.000,-30.489,0.647
12,79,631,6.272,-11.271,1.749
9,75,641,6.233,-12.235,1.611
7,77,657,7.335,-21.384,0.922
13,63,618,5.470,-12.375,1.593
15,80,695,6.888,-7.623,2.586
10,71,624,6.693,-28.704,0.687
13,57,622,5.817,-13.825,1.426
16,53,614,4.671,-10.448,1.887
11,28,453,2.125,-22.397,0.880
10,29,428,1.090,-21.792,0.905
14,33,464,2.154,-16.117,1.223
8,24,425,2.329,-31.571,0.624
9,21,455,2.656,-31.533,0.625
8,23,363,0.000,-31.620,0.623
9,31,439,1.781,-30.448,0.647
10,35,425,2.324,-31.525,0.625
12,41,476,2.761,-27.404,0.719
13,50,644,6.302,-13.291,1.483
12,35,556,5.622,-19.906,0.990
7,33,513,5.110,-24.168,0.816
8,34,530,5.962,-25.353,0.778
11,44,674,7.311,-29.788,0.662
13,54,675,6.470,-10.986,1.794
7,33,552,5.256,-31.370,0.628
15,95,904,8.824,-5.176,3.808
11,88,993,10.218,-4.537,4.345
11,92,904,9.037,-4.948,3.984
16,83,850,8.204,-6.100,3.232
14,87,1002,10.665,-4.167,4.731
12,82,983,10.224,-5.466,3.606
12,91,1052,10.932,-4.135,4.767
13,91,915,9.556,-4.626,4.261
13,79,966,9.884,-4.723,4.174
9,94,817,8.139,-5.612,3.513
10,70,875,9.671,-10.779,1.829
10,52,806,9.677,-18.350,1.074
5,44,743,8.985,-24.730,0.797
8,49,793,9.432,-21.944,0.898
10,66,865,9.020,-26.889,0.733
13,67,917,10.671,-7.416,2.658
16,85,1171,12.281,-3.691,5.341
15,91,1099,11.658,-4.196,4.698
11,88,1234,13.092,-3.302,5.970
9,100,1068,12.673,-3.961,4.977
14,86,1173,13.058,-3.584,5.500
15,85,1049,10.965,-5.039,3.912
13,92,1090,11.205,-4.275,4.611
14,90,1235,13.818,-3.163,6.232
9,96,1267,13.806,-3.070,6.421
11,96,1211,12.520,-3.381,5.830
10,96,998,11.939,-4.414,4.466
7,102,1054,12.071,-4.072,4.841
9,91,1115,13.312,-3.663,5.382
14,83,1207,13.316,-3.175,6.209
11,89,1215,14.712,-3.121,6.316
11,88,1131,12.430,-3.526,5.591
14,85,1202,12.928,-3.232,6.099
12,81,1175,13.789,-3.263,6.041
10,95,1228,15.020,-3.076,6.408
11,89,1213,14.763,-3.112,6.334
13,87,1100,12.424,-3.618,5.448
12,83,1130,12.631,-3.387,5.820
14,83,1120,11.386,-3.807,5.178
13,89,1356,16.816,-2.936,6.714
14,84,1329,16.564,-3.108,6.343
11,91,1337,17.641,-3.659,5.387
11,84,1322,15.319,-3.083,6.394
10,90,1307,17.575,-4.009,4.917
10,82,1295,15.229,-3.315,5.946
11,90,1291,16.394,-3.672,5.368
10,77,1252,16.459,-4.420,4.460
12,89,1328,16.446,-3.002,6.566
13,94,1330,16.332,-2.910,6.774
12,86,1334,18.621,-3.287,5.997
9,91,1303,14.470,-3.062,6.438
9,87,1311,18.167,-4.181,4.715
11,86,1241,14.310,-3.319,5.939
11,74,1239,15.498,-4.235,4.655
15,90,1219,15.807,-3.529,5.586
11,94,1150,15.582,-4.091,4.819
12,92,1208,14.590,-3.333,5.914
13,82,1237,16.121,-3.476,5.671
10,94,1113,14.795,-4.070,4.843
11,89,1140,16.452,-4.706,4.189
13,89,1112,15.199,-4.246,4.643
11,95,1152,13.759,-3.440,5.730
12,87,1182,14.225,-3.464,5.691
10,94,1242,14.853,-3.157,6.244
17,71,1161,15.960,-7.678,2.567
14,85,1218,16.318,-4.906,4.018
13,69,1140,14.898,-18.481,1.067
10,91,1198,15.164,-4.414,4.466
15,77,1140,15.655,-6.932,2.844
12,89,1245,16.986,-4.342,4.540
18,81,1238,16.902,-4.983,3.956
14,72,1103,13.984,-8.651,2.279
9,65,1101,14.596,-25.980,0.759
12,69,1149,15.241,-24.946,0.790
8,92,1239,15.652,-4.079,4.833
11,95,1178,14.750,-4.391,4.489
11,82,1167,14.644,-4.935,3.994
14,73,962,15.583,-9.715,2.029
12,85,973,16.100,-6.724,2.932
10,83,998,14.644,-10.277,1.918
14,65,920,15.101,-26.818,0.735
11,95,942,15.326,-7.455,2.644
9,69,990,14.347,-26.067,0.756
13,83,1045,15.271,-7.361,2.678
12,78,973,13.705,-13.363,1.475
11,78,795,17.288,-8.473,2.327
11,60,780,16.768,-19.744,0.998
12,53,860,16.517,-21.266,0.927
11,82,774,16.565,-8.183,2.409
12,79,774,17.156,-8.353,2.360
12,46,794,16.123,-27.321,0.722
8,56,735,16.287,-30.080,0.655
8,46,891,16.307,-29.856,0.660
10,52,840,15.491,-27.365,0.720
12,86,989,19.580,-5.319,3.706
13,72,1038,19.974,-6.248,3.155
8,80,1035,19.103,-5.608,3.515
12,63,1084,20.113,-10.996,1.793
11,87,1013,19.159,-5.319,3.706
14,82,925,18.882,-5.203,3.789
7,75,1104,19.181,-28.136,0.701
12,64,1091,20.603,-12.479,1.580
10,68,695,17.866,-13.402,1.471
12,65,702,18.164,-12.468,1.581
8,52,655,17.173,-31.290,0.630
10,65,681,17.877,-27.254,0.723
9,60,647,17.904,-27.344,0.721
17,72,819,14.614,-8.704,2.265
15,55,748,14.355,-10.379,1.899
11,47,736,13.375,-19.762,0.997
12,42,686,14.033,-19.941,0.989
16,66,829,13.699,-23.725,0.831
14,80,853,15.114,-8.398,2.347
13,68,754,15.316,-9.274,2.126
8,45,687,13.333,-30.295,0.651
9,53,773,13.890,-27.152,0.726
10,42,724,12.358,-30.288,0.651
8,39,636,13.988,-31.495,0.626
10,39,672,13.036,-31.201,0.632
11,45,676,14.954,-30.235,0.652
13,86,1060,16.082,-5.008,3.936
12,87,1101,17.391,-4.928,4.000
11,85,1153,18.586,-5.286,3.729
8,87,1095,17.769,-5.512,3.576
9,83,1183,19.575,-7.709,2.557
10,86,1133,19.136,-8.736,2.256
12,83,1094,15.920,-4.690,4.203
14,83,1021,16.221,-6.650,2.964
10,88,1162,18.754,-4.565,4.318
12,88,1050,17.168,-5.589,3.527
9,82,1189,20.627,-10.870,1.813
7,84,1134,19.671,-25.636,0.769
13,78,812,12.419,-10.212,1.930
13,69,746,11.279,-10.803,1.825
13,57,682,11.789,-12.202,1.616
14,46,618,10.795,-20.772,0.949
10,36,551,11.184,-15.851,1.244
11,37,544,12.465,-24.453,0.806
7,26,508,10.424,-24.929,0.791
14,68,799,12.695,-26.624,0.740
12,78,839,13.297,-21.964,0.897
14,78,763,11.045,-7.614,2.589
13,59,733,10.441,-27.144,0.726
13,48,667,12.230,-31.189,0.632
17,57,722,12.612,-9.183,2.147
12,51,618,9.774,-26.143,0.754
11,40,600,13.149,-16.535,1.192
5,37,482,12.907,-31.545,0.625
6,23,507,9.375,-32.086,0.614
11,50,717,9.874,-19.897,0.991
12,55,734,11.362,-19.515,1.010
11,61,773,11.683,-12.021,1.640
9,41,652,9.541,-31.996,0.616
8,51,705,9.652,-30.189,0.653
9,47,697,11.842,-31.369,0.628
11,61,779,11.833,-26.728,0.738
10,50,736,11.739,-30.214,0.652
16,64,818,12.677,-9.990,1.973
12,90,984,12.028,-5.591,3.526
12,76,929,12.353,-8.409,2.344
11,75,902,11.287,-8.804,2.239
11,78,913,12.587,-18.300,1.077
8,71,832,10.109,-11.055,1.783
10,66,861,11.541,-14.071,1.401
8,62,817,10.257,-19.473,1.012
13,82,1055,12.358,-4.594,4.291
13,87,1003,12.685,-5.224,3.773
9,83,889,11.163,-6.925,2.847
10,80,939,13.588,-8.681,2.271
7,67,794,9.184,-11.623,1.696
8,66,830,11.824,-29.331,0.672
5,55,764,9.474,-30.059,0.656
13,92,1053,11.914,-3.881,5.079
13,80,1128,13.216,-3.651,5.399
10,82,1057,12.152,-3.969,4.967
17,86,997,11.576,-4.449,4.431
11,82,1104,13.216,-3.723,5.295
9,91,994,11.260,-4.392,4.488
10,85,1093,12.437,-3.774,5.223
9,81,1054,12.762,-3.967,4.969
12,60,738,6.791,-12.359,1.595
10,64,721,7.726,-10.191,1.934
9,52,643,7.419,-19.572,1.007
6,37,591,6.475,-24.887,0.792
8,55,646,8.327,-21.976,0.897
9,53,682,5.784,-18.472,1.067
12,66,746,6.877,-27.145,0.726
11,79,767,8.677,-7.993,2.466
11,65,718,7.969,-10.864,1.814
13,63,793,6.966,-8.618,2.287
12,45,714,6.056,-14.594,1.351
13,39,679,7.035,-21.546,0.915
12,40,649,7.570,-21.648,0.911
10,44,641,8.383,-19.973,0.987
7,48,650,8.242,-23.602,0.835
8,57,594,7.517,-21.665,0.910
13,66,777,7.284,-8.909,2.213
13,71,834,7.893,-7.202,2.737
12,56,707,5.779,-30.194,0.653
10,48,657,5.257,-29.694,0.664
11,52,703,7.938,-20.312,0.970
9,34,624,6.720,-31.401,0.628
14,35,631,7.139,-27.416,0.719
6,47,665,9.125,-30.323,0.650
10,53,580,7.901,-15.060,1.309
7,64,598,6.565,-30.304,0.650
9,96,1051,11.218,-3.793,5.197
11,83,1087,11.522,-3.730,5.285
11,84,1088,11.602,-3.657,5.390
14,93,1050,11.224,-3.859,5.108
8,84,779,9.349,-18.147,1.086
10,76,731,9.532,-25.610,0.770
9,80,843,10.273,-6.925,2.847
12,76,745,8.359,-26.240,0.751
13,54,614,5.141,-14.059,1.402
12,28,564,4.301,-21.565,0.914
12,18,495,3.930,-21.797,0.904
12,22,512,3.301,-23.593,0.836
9,21,487,2.101,-20.335,0.969
9,14,456,1.090,-23.897,0.825
6,31,498,2.546,-24.497,0.805
13,57,646,5.444,-25.516,0.773
13,54,625,4.780,-29.857,0.660
11,31,536,5.123,-31.340,0.629
10,33,542,3.607,-31.336,0.629
9,22,496,4.951,-31.447,0.627
9,14,447,3.663,-32.162,0.613
8,13,457,1.888,-31.603,0.624
5,15,424,0.000,-32.480,0.607
4,38,519,3.634,-27.483,0.717
5,22,468,2.298,-32.202,0.612
9,89,733,8.346,-9.314,2.116
14,82,715,7.438,-8.555,2.304
8,92,712,8.445,-27.178,0.725
10,94,809,9.067,-6.535,3.016
14,83,961,8.639,-5.700,3.458
15,87,902,8.831,-6.410,3.075
14,78,857,8.219,-9.283,2.124
12,83,801,7.798,-8.894,2.216
10,83,740,7.116,-21.203,0.930
12,94,1003,9.087,-5.514,3.575
13,93,993,9.312,-4.937,3.993
14,93,946,9.908,-5.067,3.890
13,82,867,8.586,-6.226,3.166
14,61,820,7.129,-26.937,0.732
13,73,900,8.648,-9.063,2.175
15,81,852,8.166,-6.257,3.150
15,79,758,7.225,-10.643,1.852
9,69,728,7.652,-30.982,0.636
8,82,684,6.255,-25.948,0.760
13,93,1014,9.084,-5.336,3.694
16,77,937,7.979,-7.418,2.657
12,77,849,7.759,-8.134,2.423
10,77,881,7.278,-19.370,1.018
9,69,787,6.945,-19.643,1.004
7,64,799,6.597,-21.565,0.914
13,89,1021,9.843,-4.779,4.125
13,84,1053,9.590,-5.092,3.871
14,70,858,8.373,-7.776,2.535
9,75,897,7.465,-29.349,0.672
6,66,716,6.841,-30.273,0.651
14,86,1176,12.727,-3.445,5.722
11,81,1242,14.162,-3.221,6.120
12,89,1118,11.792,-3.657,5.390
15,75,1162,12.742,-4.107,4.800
11,88,1257,14.847,-3.163,6.232
10,85,1263,14.329,-3.104,6.351
12,84,1204,14.245,-3.395,5.806
9,86,1083,10.758,-4.162,4.736
9,82,1093,12.046,-3.825,5.154
11,88,1141,11.778,-3.506,5.623
11,87,1336,16.466,-2.913,6.767
9,96,1325,17.727,-2.991,6.591
9,92,1265,16.620,-3.093,6.373
8,93,1234,15.892,-3.135,6.288
14,79,1336,16.507,-2.895,6.809
15,80,1300,15.890,-2.959,6.662
10,87,1335,18.420,-3.076,6.408
10,87,1330,17.096,-3.068,6.425
10,89,1197,15.242,-3.312,5.952
12,93,1229,15.223,-3.101,6.357
10,86,1254,15.999,-3.134,6.290
9,93,1256,17.287,-3.239,6.086
7,93,1228,16.966,-3.607,5.465
11,87,1259,17.805,-3.249,6.067
8,94,1246,16.374,-3.202,6.156
7,86,1226,17.467,-3.839,5.135
13,71,1268,18.549,-10.286,1.916
12,68,1262,17.251,-9.900,1.991
11,65,1271,17.268,-9.870,1.997
11,62,1270,17.548,-18.998,1.038
9,74,1260,17.174,-8.191,2.407
13,69,1257,18.549,-27.953,0.705
11,75,1236,18.710,-10.819,1.822
10,67,1214,16.413,-25.474,0.774
12,75,1254,17.231,-7.315,2.695
11,58,1281,17.684,-29.442,0.670
14,73,1306,21.186,-5.626,3.504
14,66,1307,19.712,-8.344,2.362
14,49,1279,18.694,-17.861,1.104
11,64,1277,18.327,-9.071,2.173
9,60,1227,17.106,-14.792,1.333
10,85,1288,21.675,-4.864,4.053
13,68,1308,20.859,-6.520,3.023
12,68,1298,19.388,-13.023,1.514
9,74,1313,19.477,-20.299,0.971
16,48,1288,18.453,-23.684,0.832
10,56,1257,17.870,-27.052,0.729
12,67,1287,18.005,-10.522,1.873
15,62,1294,18.863,-7.386,2.669
8,50,1194,17.037,-30.503,0.646
8,64,1217,16.343,-25.476,0.774
12,82,1246,19.090,-4.351,4.531
11,80,1208,19.139,-4.990,3.950
12,80,1240,19.935,-7.024,2.806
12,81,1249,18.789,-4.176,4.720
11,78,1209,18.472,-4.123,4.781
11,79,1164,18.337,-4.678,4.214
13,77,1163,19.153,-4.744,4.155
11,75,1250,18.925,-19.615,1.005
13,70,1202,19.941,-9.746,2.023
12,78,1124,19.161,-3.488,5.652
10,85,1076,17.871,-3.585,5.499
12,85,1020,16.523,-3.923,5.025
9,93,988,15.106,-4.735,4.163
13,74,1088,19.335,-3.577,5.511
12,80,1164,19.116,-3.427,5.752
13,81,1126,17.833,-3.518,5.603
11,78,1036,17.589,-3.850,5.120
11,87,958,14.179,-5.494,3.588
10,89,958,15.055,-4.399,4.481
10,87,1052,15.117,-4.719,4.177
10,92,945,16.947,-6.932,2.844
11,81,907,16.462,-15.658,1.259
9,89,947,16.185,-6.709,2.938
9,93,916,17.351,-5.731,3.440
11,55,852,15.502,-13.501,1.460
10,56,841,16.285,-12.166,1.620
8,53,766,16.327,-23.634,0.834
10,72,889,16.967,-8.554,2.304
9,45,841,14.444,-30.000,0.657
10,51,807,15.934,-27.544,0.716
12,72,872,17.600,-7.196,2.739
11,74,943,17.022,-6.898,2.858
12,58,703,14.203,-12.611,1.563
11,52,669,15.405,-12.728,1.549
10,34,702,13.376,-21.569,0.914
14,48,675,13.663,-31.321,0.629
7,50,605,15.218,-31.415,0.627
8,34,740,12.476,-30.810,0.640
11,40,736,13.947,-30.196,0.653
7,29,634,13.000,-32.096,0.614
14,67,674,14.258,-11.441,1.723
11,62,617,14.564,-13.625,1.447
13,69,755,13.557,-10.151,1.942
13,57,660,13.695,-30.113,0.655
8,53,598,13.676,-31.388,0.628
9,55,566,14.961,-31.343,0.629
13,66,641,15.079,-19.197,1.027
10,60,737,12.625,-27.314,0.722
14,75,767,14.167,-7.819,2.521
15,62,796,13.243,-9.657,2.041
8,46,483,16.904,-20.346,0.969
6,38,445,16.802,-32.503,0.606
7,34,450,16.235,-31.592,0.624
11,44,498,16.660,-30.421,0.648
12,80,738,15.659,-9.587,2.056
10,61,686,15.650,-18.845,1.046
9,53,625,14.936,-24.806,0.795
7,59,706,16.478,-23.609,0.835
14,76,770,15.070,-22.458,0.878
14,77,771,16.700,-8.366,2.356
12,57,628,14.360,-13.793,1.429
8,104,815,16.422,-4.564,4.319
8,96,902,18.120,-4.126,4.778
10,96,845,15.765,-4.640,4.248
12,96,784,16.414,-4.949,3.983
13,56,540,13.527,-19.861,0.993
12,54,546,13.974,-13.025,1.513
9,41,491,14.682,-15.862,1.243
8,36,456,15.263,-24.992,0.789
5,38,480,14.817,-25.402,0.776
9,44,486,12.716,-31.421,0.627
14,53,515,14.406,-27.441,0.718
15,65,578,14.739,-9.115,2.163
9,52,542,13.158,-30.272,0.651
8,44,465,15.131,-27.567,0.715
8,67,582,11.905,-19.835,0.994
8,53,581,10.824,-27.466,0.718
7,56,535,12.272,-31.354,0.629
13,68,639,12.052,-9.397,2.098
12,88,914,13.284,-5.019,3.928
11,90,904,12.927,-4.641,4.247
11,85,971,14.420,-4.459,4.421
7,89,1061,14.860,-3.798,5.190
10,89,974,13.388,-4.660,4.230
15,85,927,14.276,-5.178,3.807
11,87,846,12.640,-5.353,3.683
13,85,915,12.160,-5.010,3.935
8,79,1095,15.804,-3.726,5.291
9,81,1077,15.231,-3.769,5.230
10,88,1077,14.222,-3.790,5.201
16,61,730,10.244,-11.802,1.670
15,66,801,11.402,-10.869,1.814
11,46,683,8.905,-21.853,0.902
9,73,764,11.904,-12.771,1.544
16,62,676,10.479,-27.228,0.724
15,78,847,12.266,-8.255,2.388
13,56,835,11.198,-26.488,0.744
9,45,643,9.044,-31.568,0.624
8,43,636,8.156,-31.367,0.628
8,50,721,8.875,-30.825,0.639
11,80,800,12.787,-10.544,1.870
11,75,732,12.414,-24.650,0.800
8,64,733,11.262,-30.172,0.653
8,45,496,8.846,-20.505,0.961
6,35,460,7.902,-32.397,0.608
7,38,486,9.196,-31.925,0.617
11,43,506,8.911,-27.629,0.713
9,70,651,8.875,-19.650,1.003
8,66,666,8.140,-27.091,0.728
8,58,619,8.407,-29.403,0.670
12,73,726,9.585,-8.765,2.249
9,84,813,10.676,-10.701,1.842
7,86,916,11.923,-6.092,3.236
8,82,813,10.592,-26.448,0.745
8,86,806,10.223,-26.425,0.746
6,94,903,11.743,-5.614,3.511
13,52,503,5.477,-14.469,1.362
15,24,447,3.983,-21.565,0.914
13,22,408,3.531,-17.097,1.153
11,10,325,2.247,-22.111,0.892
9,9,307,1.090,-25.025,0.788
14,51,494,5.952,-27.336,0.721
12,49,557,5.782,-27.094,0.728
11,22,447,3.721,-30.427,0.648
11,31,395,3.963,-30.358,0.649
10,29,417,4.363,-30.485,0.647
10,22,438,3.824,-31.487,0.626
9,15,296,2.582,-32.242,0.611
8,8,308,2.583,-32.216,0.612
9,9,347,1.888,-31.615,0.624
5,9,255,0.000,-32.250,0.611
13,43,381,4.125,-21.682,0.909
13,22,348,2.730,-21.767,0.906
13,14,340,2.143,-22.341,0.882
11,7,286,1.090,-22.523,0.875
8,6,269,1.090,-24.288,0.812
13,48,427,4.704,-29.824,0.661
11,43,381,4.257,-30.328,0.650
10,21,308,2.469,-30.561,0.645
11,27,355,3.108,-30.409,0.648
10,24,374,3.041,-30.226,0.652
10,18,331,2.466,-30.509,0.646
9,9,248,0.000,-31.689,0.622
9,11,294,1.780,-31.641,0.623
8,6,286,1.888,-32.234,0.612
5,6,227,0.000,-32.638,0.604
9,71,583,7.202,-19.664,1.002
9,69,601,6.313,-27.318,0.722
9,62,579,7.729,-29.426,0.670
11,74,633,7.438,-8.780,2.245
13,79,784,6.729,-7.366,2.676
11,75,745,5.313,-7.981,2.470
13,54,743,4.564,-10.809,1.824
13,47,692,3.296,-15.065,1.308
10,36,622,2.098,-21.699,0.908
9,34,577,2.541,-24.828,0.794
7,24,577,1.090,-23.804,0.828
14,80,846,7.216,-6.518,3.024
10,85,774,7.372,-6.623,2.976
11,78,768,5.544,-7.546,2.612
13,65,686,4.958,-9.750,2.022
12,50,699,4.625,-26.120,0.755
14,59,802,5.314,-11.785,1.673
9,55,706,3.607,-27.437,0.718
9,40,609,3.628,-27.611,0.714
5,27,508,2.292,-32.120,0.614
6,22,596,1.889,-32.013,0.616
5,17,513,0.000,-30.656,0.643
14,71,840,9.344,-7.997,2.465
14,61,755,7.936,-11.738,1.679
14,73,721,6.928,-8.239,2.393
12,63,627,5.487,-18.086,1.090
13,53,584,5.493,-13.655,1.444
11,80,852,9.600,-7.524,2.620
14,78,873,9.504,-6.363,3.098
14,57,734,7.869,-24.514,0.804
12,50,728,7.940,-26.029,0.757
12,82,743,7.226,-7.022,2.807
13,76,757,7.174,-7.496,2.630
11,74,596,4.853,-10.614,1.857
10,57,624,5.407,-30.219,0.652
7,48,527,4.608,-31.465,0.626
13,56,576,5.692,-10.260,1.921
11,44,595,6.211,-27.310,0.722
15,67,1038,12.738,-9.933,1.985
14,75,1103,13.674,-7.381,2.671
11,85,1157,14.905,-4.584,4.300
12,81,1020,13.037,-7.768,2.538
11,59,987,11.903,-26.863,0.734
12,69,1014,12.434,-10.302,1.913
13,75,1107,14.096,-6.571,3.000
8,91,1171,15.595,-3.975,4.959
12,85,1190,15.079,-4.329,4.554
12,86,1121,14.447,-4.492,4.388
11,84,1032,13.845,-5.642,3.494
10,87,1002,12.863,-7.023,2.807
10,72,987,12.397,-13.047,1.511
11,85,1143,14.023,-3.880,5.081
10,88,1115,14.464,-3.772,5.226
13,87,1097,13.810,-3.888,5.070
7,94,1125,15.092,-3.905,5.048
13,77,1200,14.375,-3.492,5.645
10,88,1078,12.941,-4.678,4.214
12,84,1065,14.285,-4.391,4.489
13,84,1166,15.544,-3.527,5.589
10,85,1125,14.798,-4.283,4.602
9,89,1175,16.029,-3.635,5.423
12,90,1089,15.061,-4.211,4.681
16,83,1228,19.074,-3.527,5.589
14,90,1190,17.782,-3.650,5.401
11,80,1272,20.297,-3.543,5.564
11,86,1229,17.578,-3.527,5.589
14,82,1184,18.931,-3.733,5.281
14,75,1186,17.919,-3.681,5.355
12,87,1150,16.947,-4.070,4.843
9,85,1246,20.298,-3.565,5.529
10,81,1267,20.946,-3.980,4.953
12,85,1303,20.264,-3.464,5.691
9,89,1180,16.698,-3.786,5.207
13,83,1247,18.372,-3.377,5.837
12,88,1231,17.338,-3.535,5.576
13,70,1191,20.055,-7.083,2.783
12,65,1223,21.097,-6.533,3.017
10,66,1274,20.863,-13.572,1.452
9,80,1208,20.695,-4.827,4.084
8,74,1280,21.668,-6.652,2.963
10,85,1191,20.952,-4.487,4.393
9,79,1242,21.078,-4.578,4.306
10,81,1224,20.721,-4.024,4.899
9,74,1200,19.741,-11.509,1.713
12,77,1157,19.702,-5.250,3.755
7,75,1277,19.888,-26.440,0.746
9,81,1171,19.631,-4.691,4.202
7,79,1304,21.519,-18.830,1.047
10,84,1162,20.015,-4.266,4.621
8,85,1187,20.357,-3.846,5.125
13,77,1155,14.325,-5.382,3.663
13,68,1168,13.883,-6.903,2.856
14,70,1118,12.590,-7.518,2.622
12,64,1098,12.560,-15.986,1.233
10,69,1070,12.239,-9.016,2.186
11,78,1041,11.872,-6.709,2.938
10,62,1065,12.488,-20.285,0.972
11,80,1156,14.638,-5.575,3.536
12,86,1108,13.550,-4.893,4.029
14,70,1148,13.836,-6.433,3.064
11,70,1206,14.697,-12.525,1.574
14,73,1099,12.688,-7.161,2.753
14,72,1070,11.740,-6.087,3.238
10,56,1111,12.979,-24.253,0.813
11,75,1048,11.831,-5.826,3.384
8,83,999,11.768,-7.036,2.802
8,52,1088,12.934,-29.075,0.678
6,62,1033,12.388,-28.738,0.686
9,77,1174,15.900,-7.394,2.666
10,81,1146,15.202,-15.701,1.255
11,73,1153,15.841,-5.616,3.510
8,79,1182,16.951,-23.652,0.833
10,74,1167,15.667,-22.132,0.891
12,76,1066,17.244,-6.728,2.930
12,72,1083,18.025,-6.483,3.041
13,53,1055,18.075,-7.738,2.547
12,53,972,16.826,-11.562,1.705
10,51,938,16.442,-12.871,1.532
8,57,968,17.240,-21.125,0.933
6,52,841,15.351,-21.066,0.936
14,63,1031,16.222,-9.364,2.105
10,76,1081,17.278,-5.784,3.408
14,71,1061,17.650,-6.660,2.960
11,81,1112,19.059,-6.590,2.991
15,56,1056,18.855,-8.285,2.379
11,66,1065,18.396,-7.805,2.526
9,60,952,16.246,-28.793,0.685
8,69,1024,18.164,-23.572,0.836
6,52,826,14.748,-29.205,0.675
4,45,811,15.138,-31.717,0.622
14,72,996,14.500,-8.915,2.211
13,72,1027,14.836,-8.384,2.351
9,69,993,14.275,-19.233,1.025
9,88,1067,15.914,-5.672,3.475
9,70,989,13.901,-12.064,1.634
8,88,1089,16.028,-5.359,3.678
9,82,1055,14.666,-6.816,2.892
12,63,961,13.447,-14.090,1.399
13,84,1038,14.779,-6.392,3.084
8,59,938,13.503,-30.972,0.636
12,85,1102,16.461,-5.104,3.862
8,62,937,12.819,-18.463,1.068
8,95,1103,16.678,-4.571,4.313
11,84,1013,14.261,-6.035,3.266
13,81,960,12.928,-6.742,2.924
11,74,922,11.570,-10.466,1.883
12,72,873,11.805,-9.571,2.060
9,63,815,10.930,-23.238,0.848
14,78,909,12.549,-6.156,3.202
15,78,1004,13.669,-5.654,3.486
12,81,998,12.930,-6.130,3.216
10,78,926,11.226,-10.081,1.955
10,58,888,10.905,-28.976,0.680
15,78,879,11.644,-5.822,3.386
11,77,974,13.521,-5.196,3.794
8,70,688,8.777,-19.564,1.008
9,70,653,7.976,-15.185,1.298
11,54,683,8.331,-29.807,0.661
10,62,697,9.233,-29.730,0.663
14,93,839,10.009,-5.399,3.651
16,78,761,8.779,-7.548,2.612
11,76,711,7.526,-9.540,2.066
14,64,736,8.928,-11.536,1.709
7,64,658,6.890,-21.281,0.926
7,61,687,7.862,-23.336,0.845
13,89,854,9.915,-4.965,3.970
17,86,872,10.828,-5.381,3.663
11,79,723,7.253,-9.764,2.019
12,64,771,9.900,-25.065,0.786
4,61,602,5.897,-31.400,0.628
11,90,1057,15.307,-4.412,4.468
10,87,1092,15.429,-4.134,4.768
10,89,1054,14.799,-4.272,4.614
10,85,1122,16.195,-4.160,4.739
9,94,1074,16.122,-4.758,4.143
13,92,1041,14.927,-4.664,4.227
9,76,1134,16.398,-4.457,4.423
12,80,1135,16.757,-4.179,4.717
16,65,807,11.921,-10.976,1.796
14,60,845,12.636,-11.360,1.735
12,52,732,11.670,-14.988,1.315
9,59,803,11.857,-13.085,1.506
16,69,794,11.016,-23.966,0.823
12,70,896,13.165,-8.775,2.246
11,61,846,13.411,-29.662,0.665
10,45,701,11.056,-31.154,0.633
10,58,695,11.103,-29.806,0.661
9,52,741,12.622,-29.929,0.659
9,58,857,12.611,-26.814,0.735
10,59,815,11.275,-10.431,1.890
8,46,780,11.585,-30.789,0.640
13,82,746,10.520,-9.156,2.153
13,71,719,9.970,-8.567,2.301
12,59,636,9.660,-19.339,1.019
8,54,608,9.045,-23.322,0.845
10,52,615,9.436,-21.824,0.903
15,86,795,10.457,-6.462,3.051
15,74,716,9.847,-26.403,0.747
16,72,743,10.819,-9.030,2.183
12,81,714,9.148,-7.174,2.748
11,53,660,9.487,-11.896,1.657
8,93,1004,14.415,-3.953,4.987
7,91,1032,15.117,-3.846,5.125
10,90,996,13.493,-3.878,5.083
12,92,1026,15.006,-4.038,4.882
16,79,878,16.853,-9.702,2.032
15,69,983,17.581,-8.785,2.244
11,65,830,16.717,-18.325,1.076
9,78,977,17.413,-18.975,1.039
16,77,857,15.889,-24.011,0.821
14,80,1016,17.265,-6.166,3.197
14,71,1007,16.620,-8.389,2.350
9,64,818,17.154,-29.450,0.669
9,68,746,16.312,-14.235,1.385
8,73,850,15.725,-29.490,0.668
9,80,1044,18.019,-8.489,2.322
9,80,970,16.413,-25.705,0.767
9,75,939,17.903,-26.839,0.734
13,64,609,13.825,-19.471,1.012
13,46,601,13.586,-13.476,1.463
13,38,530,14.172,-19.781,0.997
12,22,537,13.873,-22.352,0.882
9,20,561,12.618,-24.862,0.793
12,52,564,13.643,-30.170,0.653
12,71,638,13.096,-29.744,0.663
11,46,603,12.534,-26.846,0.734
14,62,641,14.180,-26.417,0.746
10,47,529,15.246,-27.033,0.729
10,31,496,13.793,-31.405,0.628
9,35,578,13.831,-30.145,0.654
8,22,494,13.097,-31.534,0.625
6,18,550,12.734,-31.521,0.625
12,27,598,12.161,-30.304,0.650
7,14,508,12.215,-32.163,0.613
15,77,747,10.700,-8.150,2.419
14,72,737,11.153,-17.352,1.136
11,79,775,12.009,-7.608,2.591
11,56,683,10.067,-21.362,0.923
11,74,739,9.841,-6.733,2.928
14,83,811,11.562,-6.018,3.276
15,61,728,11.873,-27.212,0.724
13,76,742,11.363,-7.493,2.631
11,79,815,12.319,-6.012,3.279
10,83,760,11.450,-6.249,3.155
9,46,664,10.614,-30.144,0.654
10,62,672,9.486,-14.331,1.376
7,53,638,9.755,-31.314,0.630
15,67,820,11.439,-8.867,2.223
11,64,797,10.385,-19.403,1.016
11,75,889,11.774,-6.037,3.265
14,75,832,12.372,-16.403,1.202
10,70,838,10.765,-23.887,0.825
9,57,754,10.516,-29.963,0.658
13,57,787,9.474,-26.588,0.741
10,80,953,12.100,-5.814,3.391
11,76,859,10.923,-5.772,3.415
9,85,905,12.674,-5.032,3.917
13,50,548,12.850,-19.908,0.990
11,42,621,13.874,-19.951,0.988
12,41,603,15.322,-14.924,1.321
11,34,643,15.224,-23.331,0.845
10,28,650,15.208,-21.529,0.916
9,29,612,14.253,-24.418,0.807
6,24,679,15.180,-24.397,0.808
10,36,488,13.003,-31.509,0.626
14,60,546,12.883,-27.342,0.721
12,56,688,13.595,-29.309,0.673
9,34,601,13.419,-31.206,0.632
11,35,525,15.364,-31.554,0.625
12,50,626,15.307,-12.872,1.531
5,29,629,13.391,-32.060,0.615
7,37,570,14.412,-30.173,0.653
5,24,683,14.371,-31.388,0.628
4,33,696,15.211,-31.685,0.622
11,38,436,8.989,-20.200,0.976
7,34,426,10.405,-21.692,0.909
6,33,393,11.154,-24.979,0.789
5,36,452,10.895,-24.922,0.791
9,29,403,8.324,-30.464,0.647
10,54,492,8.863,-27.107,0.727
8,65,580,6.492,-13.355,1.476
8,54,592,6.496,-27.335,0.721
7,57,554,6.585,-30.276,0.651
10,72,635,7.372,-9.011,2.188
16,85,665,7.951,-5.595,3.523
14,88,741,8.962,-5.007,3.937
13,90,790,9.935,-4.694,4.200
11,89,716,8.670,-5.143,3.833
16,83,665,7.421,-5.805,3.396
11,90,666,8.036,-6.434,3.064
12,87,745,9.125,-5.224,3.773
11,90,850,10.960,-4.364,4.517
11,89,795,10.033,-4.893,4.029
12,85,787,9.526,-4.789,4.116
10,92,750,9.571,-4.845,4.069
15,79,701,8.806,-5.164,3.817
14,77,674,7.942,-6.139,3.211
11,36,469,2.153,-21.500,0.917
10,35,421,1.090,-16.218,1.215
12,37,428,2.143,-20.082,0.982
9,26,445,2.354,-31.449,0.627
9,48,468,2.684,-29.976,0.658
8,26,373,0.000,-32.204,0.612
13,46,422,1.781,-17.516,1.125
7,28,401,2.351,-32.188,0.612
14,40,403,2.688,-30.026,0.657
14,73,767,7.834,-9.147,2.155
12,79,816,8.960,-6.191,3.184
12,76,792,8.421,-10.301,1.914
13,64,751,7.781,-29.749,0.663
10,76,783,8.784,-6.199,3.180
10,87,824,9.112,-5.569,3.540
9,83,856,9.754,-6.102,3.230
10,69,851,9.389,-10.889,1.810
11,76,826,8.824,-7.180,2.745
9,61,761,7.946,-28.835,0.684
12,59,556,4.909,-19.598,1.006
14,52,503,4.801,-13.651,1.444
12,45,463,4.019,-19.952,0.988
11,28,430,2.557,-23.649,0.834
9,26,429,2.103,-20.509,0.961
8,36,448,2.548,-21.972,0.897
6,20,389,1.090,-24.535,0.803
11,47,531,4.036,-30.254,0.652
12,57,575,5.674,-30.044,0.656
9,49,473,4.248,-31.495,0.626
13,63,541,5.042,-10.507,1.876
8,47,429,4.090,-30.231,0.652
12,56,490,4.491,-24.457,0.806
8,49,470,3.635,-30.146,0.654
7,40,430,2.300,-30.369,0.649
4,15,359,0.000,-32.173,0.613
5,21,373,0.000,-32.126,0.614
11,54,720,8.225,-12.877,1.531
11,50,711,8.764,-23.033,0.856
10,38,627,6.969,-22.233,0.887
11,53,732,9.015,-27.511,0.717
6,46,669,8.997,-31.947,0.617
10,38,637,6.758,-30.330,0.650
10,45,591,6.114,-30.227,0.652
7,27,605,7.372,-32.036,0.615
14,80,1023,12.530,-4.747,4.153
11,87,1083,14.044,-4.336,4.546
11,83,1029,12.270,-4.371,4.510
15,84,1009,12.191,-4.703,4.191
10,90,1125,14.525,-3.879,5.082
10,85,1071,14.340,-4.389,4.491
11,90,1083,14.486,-4.240,4.649
11,87,1040,12.495,-4.203,4.690
14,79,1041,12.870,-4.366,4.515
9,94,964,11.249,-4.944,3.987
15,46,807,13.878,-18.961,1.040
10,42,763,14.964,-21.557,0.914
11,42,761,12.469,-21.434,0.920
12,49,803,14.094,-29.056,0.678
8,34,687,14.921,-30.419,0.648
8,53,771,15.928,-30.263,0.651
9,39,769,14.592,-27.764,0.710
8,37,685,12.460,-31.356,0.629
10,44,747,12.414,-30.209,0.653
8,59,767,11.756,-27.318,0.722
12,85,1093,16.867,-5.228,3.771
14,86,1118,16.080,-4.461,4.419
10,89,1105,16.457,-4.568,4.315
13,83,1078,17.131,-4.514,4.367
11,89,1087,15.586,-4.538,4.344
10,88,1078,16.019,-4.854,4.061
13,80,1108,15.521,-4.596,4.289
8,95,1140,16.978,-3.861,5.106
12,72,799,11.674,-10.417,1.892
10,59,786,12.618,-13.344,1.477
7,66,818,13.673,-19.759,0.998
9,48,716,12.404,-24.464,0.806
12,65,782,10.951,-26.503,0.744
12,71,783,11.223,-10.932,1.803
13,89,1036,12.132,-5.933,3.323
12,86,1072,12.868,-5.770,3.416
9,95,1094,13.881,-4.618,4.269
10,86,1071,12.892,-7.226,2.728
8,97,1105,14.468,-4.745,4.154
10,90,1076,13.913,-5.895,3.344
12,86,1044,11.807,-6.600,2.987
13,93,1081,12.896,-4.843,4.070
12,85,1108,14.250,-4.453,4.427
9,76,1060,12.330,-12.462,1.582
8,95,1131,15.354,-4.675,4.217
13,81,1071,14.311,-6.075,3.245
11,54,731,6.351,-19.523,1.010
11,50,786,7.123,-19.513,1.010
9,59,868,8.467,-19.186,1.027
9,49,748,6.758,-21.415,0.920
10,63,903,9.352,-19.260,1.023
8,56,777,7.831,-21.265,0.927
9,62,858,9.072,-19.452,1.013
10,50,769,6.938,-30.074,0.655
11,45,675,5.612,-30.277,0.651
8,52,910,8.949,-26.507,0.744
8,50,670,5.789,-31.346,0.629
9,64,971,10.396,-26.714,0.738
7,56,746,7.833,-30.149,0.654
8,65,882,9.942,-29.767,0.662
13,45,469,2.065,-20.587,0.958
11,37,441,1.090,-24.135,0.817
9,46,472,2.612,-21.621,0.912
10,42,459,2.407,-30.463,0.647
6,28,389,0.000,-32.208,0.612
11,51,496,3.606,-27.741,0.711
11,53,500,3.101,-22.330,0.883
7,41,417,2.485,-31.585,0.624
16,72,680,7.654,-6.829,2.887
14,73,688,8.767,-8.200,2.404
12,79,665,8.153,-5.724,3.444
8,82,758,10.060,-6.500,3.033
13,76,734,7.734,-6.379,3.090
11,65,688,8.489,-26.858,0.734
14,76,638,9.133,-7.745,2.545
13,87,640,7.544,-5.955,3.310
11,78,618,8.197,-6.607,2.984
10,84,711,9.044,-4.998,3.944
10,76,764,10.830,-7.297,2.701
9,77,821,9.977,-7.236,2.724
11,82,763,10.578,-5.359,3.678
12,41,385,8.268,-21.706,0.908
10,43,360,7.103,-20.301,0.971
10,48,331,5.932,-22.205,0.888
6,40,365,7.540,-24.933,0.791
9,42,426,9.108,-30.369,0.649
10,25,347,8.445,-31.550,0.625
12,47,329,6.083,-27.512,0.717
11,60,421,5.858,-19.741,0.999
10,57,383,5.107,-20.007,0.985
13,50,381,6.319,-14.485,1.361
10,63,432,5.509,-24.998,0.789
9,49,392,5.503,-31.420,0.627
12,53,411,4.731,-27.326,0.721
9,43,355,4.451,-31.595,0.624
11,41,381,6.356,-31.447,0.627
11,44,334,5.807,-27.638,0.713
14,34,326,4.310,-20.408,0.966
14,27,302,2.872,-21.803,0.904
14,16,255,2.144,-20.501,0.962
12,11,224,1.090,-22.536,0.875
9,10,178,1.090,-24.894,0.792
10,27,330,4.586,-31.537,0.625
11,39,326,4.654,-27.486,0.717
12,34,306,3.085,-27.636,0.713
10,23,307,2.814,-31.456,0.627
10,13,233,2.376,-31.649,0.623
10,24,246,3.029,-31.575,0.624
9,24,229,1.781,-30.537,0.646
9,13,217,0.000,-31.601,0.624
6,8,163,0.000,-32.273,0.611
7,13,180,1.678,-31.790,0.620
7,8,160,0.000,-32.289,0.611
12,57,564,9.885,-13.681,1.441
12,75,590,10.421,-9.202,2.142
11,65,639,11.382,-12.668,1.556
7,74,578,10.911,-14.209,1.387
10,57,700,12.069,-23.314,0.846
10,51,520,9.446,-30.064,0.656
12,50,625,10.787,-30.051,0.656
15,71,641,11.044,-7.727,2.551
11,76,557,9.665,-7.722,2.553
6,51,729,11.260,-31.214,0.632
10,57,745,12.765,-27.193,0.725
11,68,661,12.860,-12.151,1.622
13,60,747,13.859,-10.572,1.865
10,50,770,13.974,-19.398,1.016
12,72,809,15.031,-8.104,2.432
9,51,828,15.134,-23.328,0.845
10,59,875,15.761,-18.329,1.075
10,82,832,15.645,-6.241,3.159
10,57,940,16.992,-18.583,1.061
9,79,902,16.868,-6.575,2.998
9,71,976,17.495,-18.112,1.088
10,47,636,12.399,-29.854,0.660
13,66,671,13.479,-10.064,1.959
7,40,729,13.339,-32.002,0.616
6,47,847,15.372,-30.000,0.657
12,84,792,15.252,-5.691,3.464
6,50,981,16.157,-25.635,0.769
8,85,924,17.422,-6.047,3.260
7,74,1027,17.835,-28.347,0.695
13,83,829,14.024,-6.038,3.265
11,66,891,14.371,-7.026,2.806
12,60,937,13.186,-10.270,1.919
12,47,998,13.689,-20.966,0.940
9,37,969,14.206,-19.692,1.001
8,38,910,14.232,-23.485,0.839
7,25,1015,14.078,-22.906,0.861
11,88,860,13.528,-5.235,3.766
15,76,785,13.424,-6.813,2.893
12,66,867,15.037,-9.044,2.180
9,69,933,14.953,-6.814,2.893
10,64,950,12.551,-9.419,2.093
13,58,887,12.679,-26.601,0.741
10,46,1047,13.782,-26.608,0.741
4,34,874,13.489,-31.254,0.631
5,29,1062,14.518,-29.931,0.659
5,28,978,13.321,-30.898,0.638
16,75,624,10.658,-10.083,1.955
15,78,659,10.477,-6.309,3.125
12,88,598,9.223,-6.634,2.971
12,83,718,10.741,-5.336,3.694
13,71,624,10.007,-14.867,1.326
11,74,602,9.872,-23.309,0.846
15,80,681,11.334,-5.682,3.469
10,95,612,9.340,-5.906,3.338
10,93,562,9.382,-7.067,2.789
15,83,582,8.347,-8.035,2.453
12,82,750,11.705,-4.982,3.957
9,82,743,11.062,-4.795,4.111
11,88,693,10.108,-5.850,3.370
12,64,533,11.652,-12.472,1.581
10,48,496,12.076,-19.805,0.995
8,55,478,13.185,-21.965,0.897
6,39,455,11.325,-22.119,0.891
12,68,549,12.200,-20.258,0.973
9,56,513,10.576,-30.148,0.654
4,33,402,11.766,-32.126,0.614
6,32,466,10.366,-31.200,0.632
13,63,614,12.228,-21.342,0.924
13,49,652,12.340,-13.204,1.493
13,33,606,11.028,-21.117,0.933
12,20,650,10.013,-23.284,0.847
9,17,610,9.965,-21.775,0.905
8,15,537,10.857,-24.465,0.806
6,12,639,9.216,-24.910,0.791
11,51,550,12.034,-30.160,0.654
13,54,643,11.380,-24.392,0.808
10,54,730,12.240,-13.305,1.482
12,44,618,12.717,-27.458,0.718
10,28,541,11.233,-30.390,0.649
9,40,635,10.782,-29.748,0.663
7,26,699,9.407,-31.096,0.634
7,19,512,11.568,-32.074,0.615
5,12,686,8.583,-31.926,0.617
4,12,596,9.393,-32.167,0.613
8,40,438,16.129,-21.790,0.905
7,30,414,16.835,-32.201,0.612
7,27,407,15.524,-32.191,0.612
9,42,435,15.226,-31.984,0.616
15,70,616,15.155,-8.913,2.212
14,49,554,14.850,-12.863,1.532
11,42,554,13.571,-20.004,0.985
11,52,582,16.075,-20.301,0.971
14,77,662,15.496,-7.798,2.528
13,77,604,14.280,-8.065,2.444
13,49,504,14.798,-27.469,0.718
8,52,527,12.712,-29.697,0.664
11,43,601,13.624,-27.486,0.717
7,31,502,13.394,-32.135,0.613
10,56,596,16.750,-27.422,0.719
7,39,546,15.756,-31.464,0.627
9,61,645,16.308,-27.360,0.720
9,90,821,16.346,-4.818,4.091
10,89,885,16.939,-4.543,4.339
10,84,803,15.558,-4.848,4.066
12,84,811,16.048,-4.993,3.948
9,101,980,11.759,-3.811,5.173
11,100,990,10.850,-3.910,5.042
11,92,939,11.348,-3.901,5.053
9,99,974,12.006,-3.962,4.975
12,97,945,9.978,-4.116,4.789
17,94,1143,13.532,-4.032,4.889
14,93,1166,13.888,-4.275,4.611
11,87,1201,13.828,-3.497,5.637
13,94,1136,12.795,-4.364,4.517
16,86,1143,13.374,-4.673,4.218
17,86,1134,12.467,-4.165,4.733
14,90,1184,14.347,-4.501,4.380
10,94,1218,14.223,-3.466,5.687
11,92,1228,14.646,-3.456,5.704
12,89,1169,12.812,-3.520,5.600
14,92,1143,13.006,-4.434,4.446
14,96,1102,12.136,-4.205,4.688
10,88,1124,12.051,-5.378,3.665
11,80,1136,15.908,-4.660,4.230
11,69,1126,14.537,-6.276,3.141
11,76,1147,14.577,-9.588,2.056
8,83,1096,15.667,-6.665,2.958
12,75,1122,16.655,-4.623,4.264
11,81,1094,15.964,-4.486,4.394
12,69,1076,14.385,-6.973,2.827
11,69,1137,13.792,-6.766,2.913
8,86,1093,15.897,-6.896,2.859
8,73,1048,15.210,-8.177,2.411
10,80,1133,16.660,-5.065,3.892
11,73,1154,14.208,-6.458,3.052
10,64,1134,13.614,-10.865,1.814
7,58,1124,14.398,-20.622,0.956
9,62,1091,12.460,-21.011,0.938
14,73,1128,13.468,-5.398,3.652
9,80,1122,14.702,-5.692,3.463
9,71,1084,12.046,-8.933,2.207
16,75,1066,12.086,-7.300,2.700
14,65,1046,11.254,-9.169,2.150
12,91,1030,11.630,-5.172,3.811
9,65,1061,11.669,-17.956,1.098
14,69,1072,11.859,-22.006,0.896
14,76,1046,11.562,-6.850,2.878
11,71,983,10.187,-11.146,1.769
14,92,1063,12.139,-4.820,4.090
12,94,1026,12.027,-4.516,4.365
8,95,972,10.582,-5.597,3.522
8,68,1020,11.208,-30.210,0.653
10,70,1129,12.702,-14.749,1.337
8,57,1043,11.348,-31.148,0.633
16,91,1251,18.834,-4.625,4.262
13,81,1287,19.941,-4.782,4.122
11,88,1280,18.063,-5.768,3.418
9,82,1267,19.870,-4.123,4.781
14,87,1266,18.489,-4.035,4.885
12,73,1287,19.401,-3.969,4.967
14,78,1307,20.233,-6.660,2.960
11,83,1288,18.687,-5.764,3.420
8,92,1263,17.200,-5.084,3.877
11,87,1288,18.112,-19.215,1.026
8,87,1253,20.251,-4.180,4.716
10,91,1257,18.832,-3.854,5.115
11,78,1284,20.651,-4.827,4.084
13,74,1236,15.718,-7.652,2.576
13,70,1234,15.806,-10.505,1.876
11,72,1232,15.309,-11.173,1.764
10,64,1220,16.550,-12.367,1.594
8,57,1244,15.582,-20.247,0.974
9,65,1221,16.304,-13.601,1.449
9,57,1238,16.341,-13.620,1.447
8,52,1216,15.854,-20.733,0.951
13,72,1212,15.777,-8.434,2.337
13,78,1199,14.809,-6.323,3.118
12,71,1233,14.813,-8.645,2.280
10,69,1213,17.040,-20.488,0.962
8,57,1224,15.317,-26.653,0.740
6,68,1205,15.744,-21.832,0.903
6,56,1214,15.317,-25.264,0.780
12,92,1167,15.568,-3.720,5.299
12,92,1109,14.898,-3.941,5.002
10,83,1164,15.175,-3.846,5.125
13,93,1186,15.046,-3.589,5.492
10,96,1070,14.497,-4.162,4.736
16,89,1267,17.135,-3.485,5.656
15,85,1250,16.331,-3.667,5.376
12,91,1204,14.965,-3.930,5.016
13,94,1211,16.465,-3.722,5.296
15,87,1270,17.557,-3.563,5.533
13,89,1259,16.067,-3.357,5.872
14,85,1238,16.238,-4.039,4.881
12,88,1213,14.598,-4.249,4.639
13,83,1199,15.163,-3.668,5.374
11,86,1173,14.241,-4.322,4.561
10,98,1249,17.206,-3.582,5.503
12,89,1189,16.190,-3.977,4.957
12,98,1205,15.862,-3.578,5.509
11,81,1261,18.804,-8.079,2.440
9,69,1229,18.818,-9.903,1.991
7,72,1224,19.291,-21.928,0.899
9,72,1193,18.436,-9.230,2.136
11,78,1276,19.521,-21.890,0.901
12,77,1281,19.182,-10.036,1.964
6,77,1152,18.545,-11.977,1.646
12,77,1183,18.112,-6.648,2.965
8,96,1247,18.283,-5.177,3.808
7,88,1221,18.010,-4.344,4.538
9,87,1257,19.129,-8.492,2.321
10,88,1243,18.120,-4.341,4.541
8,87,1159,14.096,-3.849,5.121
9,84,1105,13.115,-3.777,5.219
8,86,1163,14.694,-3.676,5.362
12,91,1158,14.006,-3.717,5.303
13,79,1086,13.104,-18.525,1.064
11,81,1094,12.658,-6.414,3.073
12,83,1097,13.341,-6.642,2.968
13,74,1019,13.159,-8.418,2.342
10,70,1035,14.159,-10.779,1.829
10,80,1096,15.349,-10.960,1.799
8,64,968,14.059,-19.936,0.989
10,73,1031,12.792,-26.501,0.744
14,75,1151,14.194,-25.964,0.759
13,84,1136,13.082,-5.044,3.908
11,82,1021,11.573,-6.578,2.997
12,82,1146,14.412,-5.956,3.310
8,88,1088,13.029,-6.631,2.973
10,78,1151,15.549,-8.115,2.429
11,76,1076,16.183,-15.797,1.248
9,59,908,13.152,-29.359,0.671
9,60,958,14.963,-24.967,0.790
12,67,1071,16.250,-11.731,1.680
13,71,1125,17.251,-7.730,2.550
11,82,1150,17.354,-5.635,3.498
11,72,1172,18.267,-8.166,2.414
10,84,1187,18.437,-4.944,3.987
9,80,1221,19.298,-8.000,2.464
10,83,1207,19.370,-5.858,3.365
10,73,1219,18.585,-7.656,2.575
11,64,1066,16.359,-25.252,0.781
10,65,1022,16.438,-25.142,0.784
13,76,1124,16.674,-5.882,3.351
9,76,1159,18.056,-23.321,0.845
9,86,1174,18.354,-4.420,4.460
6,80,1251,19.946,-21.173,0.931
15,83,1111,13.953,-5.092,3.871
14,82,1176,15.478,-4.124,4.780
11,81,1198,15.954,-3.728,5.288
11,83,1144,15.776,-4.070,4.843
12,84,1079,13.540,-4.549,4.333
15,82,1121,13.548,-4.307,4.577
17,83,1185,15.861,-4.209,4.683
10,87,1197,15.534,-3.733,5.281
11,84,1153,15.230,-3.781,5.214
10,78,1204,17.002,-3.701,5.326
12,82,1104,15.658,-4.671,4.220
11,84,1153,16.829,-3.951,4.989
9,84,1102,14.953,-4.107,4.800
13,77,859,8.961,-7.112,2.772
14,81,901,9.610,-6.058,3.254
9,85,884,9.255,-5.710,3.452
14,70,795,7.898,-9.137,2.157
13,68,887,9.616,-7.437,2.651
9,84,853,8.963,-6.878,2.866
11,89,955,10.335,-5.302,3.718
8,87,843,8.723,-5.237,3.764
14,65,697,6.814,-10.504,1.877
12,57,636,6.456,-19.842,0.993
11,67,593,5.080,-13.854,1.423
9,59,552,4.366,-21.913,0.900
9,74,623,5.010,-21.684,0.909
14,60,653,5.873,-14.772,1.334
15,75,733,7.281,-7.405,2.662
12,46,698,7.019,-26.844,0.734
8,47,605,6.516,-32.043,0.615
6,70,692,6.001,-29.512,0.668
12,41,737,8.239,-19.575,1.007
11,37,731,9.169,-21.484,0.918
10,52,806,10.478,-12.585,1.566
10,62,856,10.936,-20.323,0.970
7,59,811,11.186,-23.071,0.854
10,50,759,8.871,-29.177,0.676
10,37,654,7.379,-31.462,0.627
8,34,693,9.490,-31.445,0.627
9,38,689,8.770,-30.352,0.649
11,86,852,9.288,-5.884,3.350
10,82,906,10.156,-8.222,2.398
12,74,890,9.559,-8.978,2.196
11,86,881,9.517,-5.119,3.851
8,98,833,9.604,-6.049,3.259
12,77,973,11.053,-5.964,3.305
12,77,885,10.510,-11.153,1.767
11,81,928,9.925,-7.221,2.730
10,67,889,9.970,-26.259,0.751
14,53,523,5.749,-19.157,1.029
11,41,501,4.702,-20.001,0.986
11,63,522,5.472,-13.381,1.473
11,46,493,6.194,-29.506,0.668
9,35,451,3.875,-30.326,0.650
7,39,484,5.255,-31.524,0.625
11,52,533,4.360,-26.569,0.742
8,54,467,4.779,-29.504,0.668
13,69,546,5.130,-10.040,1.963
8,59,522,6.401,-27.416,0.719
7,74,570,6.014,-14.076,1.400
12,66,565,5.846,-30.009,0.657
7,63,524,5.064,-27.411,0.719
9,62,607,6.638,-26.114,0.755
14,90,803,9.347,-5.692,3.463
12,103,840,9.984,-4.902,4.021
11,97,850,9.989,-5.327,3.700
14,90,750,8.261,-5.416,3.640
14,93,882,9.860,-4.539,4.343
10,102,786,9.555,-5.748,3.429
11,97,913,11.059,-5.058,3.897
13,88,886,9.868,-5.068,3.890
14,86,908,11.064,-5.138,3.837
10,100,796,9.554,-5.530,3.565
12,56,660,8.140,-18.962,1.040
10,50,586,7.465,-19.777,0.997
9,48,556,6.630,-21.975,0.897
10,33,565,8.078,-23.363,0.844
12,50,660,7.846,-30.878,0.638
14,48,702,9.196,-15.731,1.253
4,33,509,7.909,-32.015,0.616
9,30,592,8.922,-31.307,0.630
9,92,779,7.726,-6.770,2.912
14,90,818,7.372,-6.159,3.201
9,97,850,8.591,-5.866,3.360
12,83,741,7.886,-6.936,2.842
13,34,584,2.145,-14.497,1.360
11,35,614,2.690,-21.581,0.913
11,28,530,1.090,-20.326,0.970
10,27,552,2.469,-30.376,0.649
8,26,553,2.432,-32.049,0.615
8,43,652,3.620,-30.913,0.638
11,44,646,2.931,-29.553,0.667
8,20,482,0.000,-32.043,0.615
9,39,552,1.678,-30.423,0.648
7,24,503,1.678,-31.547,0.625
12,57,690,6.554,-12.582,1.567
11,57,712,7.356,-19.797,0.996
8,51,704,8.573,-20.163,0.978
6,36,699,8.525,-25.027,0.788
9,52,698,8.691,-23.895,0.825
10,47,646,6.451,-30.207,0.653
12,55,742,7.098,-23.141,0.852
12,73,758,7.292,-9.076,2.172
10,56,650,6.503,-27.362,0.720
10,42,555,2.054,-20.223,0.975
7,31,484,1.090,-24.109,0.818
10,47,604,2.369,-29.948,0.658
7,44,533,2.369,-31.504,0.626
4,25,466,0.000,-32.171,0.613
12,66,613,7.076,-17.251,1.143
14,65,704,7.110,-9.545,2.065
12,70,626,8.167,-9.744,2.023
12,58,584,7.484,-29.584,0.666
12,66,730,8.161,-21.397,0.921
9,77,555,7.826,-9.475,2.080
11,71,644,7.947,-7.756,2.542
9,75,639,8.660,-26.237,0.751
11,36,377,5.399,-20.106,0.980
7,36,321,3.899,-20.351,0.969
8,33,300,3.224,-22.321,0.883
5,30,305,3.750,-25.074,0.786
10,46,400,5.847,-29.264,0.674
8,28,382,5.950,-31.540,0.625
13,43,364,4.420,-13.710,1.438
13,37,422,4.840,-19.472,1.012
13,23,418,3.936,-21.519,0.916
13,22,415,3.301,-16.702,1.180
10,21,356,2.099,-20.465,0.963
8,18,295,1.090,-24.988,0.789
7,25,342,2.544,-23.815,0.828
15,36,356,3.685,-27.418,0.719
10,36,327,4.283,-30.301,0.651
10,40,410,5.502,-30.323,0.650
10,50,471,5.563,-29.530,0.668
11,17,369,3.443,-31.607,0.624
7,25,466,4.754,-31.362,0.629
10,35,453,4.172,-31.061,0.635
7,17,294,1.888,-30.514,0.646
4,17,254,0.000,-32.242,0.611
5,34,390,3.632,-31.511,0.626
9,28,227,1.090,-21.762,0.906
8,26,235,1.090,-24.434,0.807
8,23,215,0.000,-31.626,0.623
8,15,213,0.000,-31.701,0.622
4,23,206,0.000,-32.254,0.611
12,69,405,5.817,-11.799,1.671
12,57,440,5.295,-13.967,1.411
12,57,456,4.571,-13.081,1.507
7,54,440,5.960,-25.173,0.783
15,75,439,6.416,-9.062,2.175
11,57,386,5.698,-27.308,0.722
18,58,437,4.371,-9.787,2.014
11,37,347,2.136,-21.765,0.906
10,29,329,1.089,-22.460,0.878
13,33,350,2.141,-20.104,0.981
7,29,332,2.342,-31.599,0.624
11,39,365,2.342,-30.300,0.651
8,22,300,0.000,-32.234,0.612
8,25,318,0.000,-32.133,0.613
9,30,328,2.335,-30.475,0.647
12,40,365,2.339,-27.745,0.710
14,82,547,6.429,-7.239,2.723
13,82,492,5.875,-10.172,1.938
13,68,507,6.538,-12.536,1.572
12,56,494,6.286,-21.434,0.920
10,51,504,7.260,-20.018,0.985
8,54,518,6.755,-23.430,0.841
8,38,495,7.361,-22.034,0.895
12,89,579,7.495,-6.361,3.099
14,71,545,6.390,-7.237,2.724
13,76,453,4.789,-26.714,0.738
13,81,494,6.382,-9.283,2.124
11,62,475,6.485,-31.405,0.628
16,68,550,7.598,-8.474,2.326
16,51,476,5.460,-27.418,0.719
10,53,529,6.665,-27.283,0.723
8,41,473,6.659,-31.444,0.627
4,42,482,7.755,-32.067,0.615
13,84,579,8.615,-6.964,2.831
14,85,607,8.920,-6.414,3.073
10,90,666,9.581,-5.455,3.614
11,80,578,8.476,-8.814,2.236
8,95,670,9.820,-5.383,3.662
9,79,586,8.746,-9.556,2.063
8,93,632,9.420,-6.445,3.059
14,84,616,8.896,-7.579,2.601
12,87,524,7.577,-7.144,2.759
10,86,686,10.101,-5.489,3.591
9,79,530,8.139,-26.452,0.745
10,96,703,10.502,-4.751,4.149
7,70,565,8.641,-29.587,0.666
8,88,633,8.915,-6.671,2.955
12,51,573,9.236,-13.552,1.455
11,36,500,8.952,-21.669,0.910
10,35,486,10.311,-20.407,0.966
10,49,499,11.256,-22.130,0.891
6,29,452,10.559,-24.991,0.789
13,46,604,9.868,-27.248,0.723
12,58,590,9.889,-26.868,0.734
10,27,487,8.468,-31.510,0.626
10,29,477,8.427,-31.493,0.626
5,22,438,9.711,-32.085,0.614
16,72,837,11.973,-7.378,2.672
11,75,812,12.362,-7.500,2.628
13,80,790,12.301,-5.729,3.441
18,67,908,12.685,-7.521,2.621
10,74,825,12.288,-26.209,0.752
12,74,741,11.692,-8.328,2.367
10,83,834,13.448,-6.149,3.206
9,85,807,12.182,-5.543,3.556
11,79,824,13.338,-4.988,3.952
10,80,728,11.622,-6.598,2.988
13,71,883,9.954,-11.113,1.774
11,85,959,10.503,-7.544,2.613
12,82,1014,12.018,-8.728,2.259
11,68,991,11.496,-20.818,0.947
11,83,1071,12.687,-6.285,3.136
10,62,883,10.609,-29.066,0.678
14,77,837,8.916,-10.063,1.959
12,84,981,10.170,-8.285,2.379
11,88,959,10.277,-5.562,3.544
12,88,1081,12.082,-5.129,3.843
13,74,706,7.392,-6.855,2.876
10,75,668,7.109,-8.458,2.331
11,76,702,7.738,-6.802,2.898
8,67,624,6.542,-21.683,0.909
14,78,675,6.537,-8.296,2.376
13,72,690,8.118,-6.950,2.836
6,77,595,6.286,-27.133,0.727
16,69,737,5.234,-8.845,2.229
13,65,690,5.562,-10.038,1.964
11,67,754,5.510,-12.311,1.601
9,57,630,4.830,-19.824,0.994
16,64,697,4.303,-10.419,1.892
13,62,690,5.737,-17.221,1.145
14,69,729,6.569,-19.435,1.014
8,57,699,4.930,-31.335,0.629
9,79,747,5.425,-14.641,1.346
11,71,776,6.469,-19.538,1.009
7,54,607,5.512,-30.267,0.651
7,46,600,3.913,-31.390,0.628
9,49,637,5.141,-31.813,0.620
15,91,944,8.479,-5.712,3.451
13,84,910,8.064,-6.394,3.083
12,91,1035,9.969,-5.168,3.814
10,91,916,9.072,-7.992,2.467
13,85,946,8.572,-8.240,2.392
13,80,846,7.041,-6.541,3.014
11,93,932,8.266,-5.418,3.638
11,99,1021,10.348,-4.801,4.106
11,87,1059,10.123,-4.319,4.564
11,85,1052,10.621,-5.795,3.402
12,86,875,8.962,-7.460,2.642
9,86,874,8.972,-15.943,1.236
11,87,983,10.045,-6.709,2.938
11,58,802,6.716,-21.135,0.933
12,55,772,7.085,-13.153,1.499
6,56,689,6.509,-24.850,0.793
13,58,810,8.127,-10.122,1.947
11,58,809,7.378,-29.794,0.662
10,57,757,5.670,-29.966,0.658
10,65,791,8.057,-27.008,0.730
13,74,855,8.716,-7.420,2.657
11,87,995,9.814,-5.831,3.381
13,78,1097,10.922,-4.466,4.414
9,90,1093,10.858,-4.189,4.706
10,87,1120,12.192,-4.150,4.750
9,98,1131,12.061,-3.733,5.281
9,83,1192,13.277,-3.712,5.310
9,97,1180,13.213,-3.598,5.479
12,87,980,9.306,-5.279,3.734
12,89,983,10.372,-5.762,3.421
10,95,1034,9.968,-4.433,4.447
9,86,1102,12.428,-4.274,4.612
7,98,1111,12.177,-3.662,5.383
9,90,1179,14.259,-3.563,5.533
9,90,1206,14.152,-3.404,5.791
13,57,790,10.789,-19.563,1.008
12,43,739,9.674,-19.219,1.026
10,30,651,9.790,-21.791,0.905
6,27,597,10.318,-25.374,0.777
10,24,628,9.655,-23.745,0.830
8,56,782,11.708,-29.923,0.659
14,55,762,10.674,-27.010,0.730
11,49,745,8.715,-29.738,0.663
11,42,763,9.916,-29.911,0.659
6,19,557,9.966,-31.554,0.625
13,29,660,9.408,-26.998,0.730
15,80,945,11.705,-5.387,3.659
14,81,1016,12.971,-4.451,4.429
11,86,1079,13.044,-3.922,5.026
12,84,1018,13.100,-4.481,4.399
11,84,928,10.872,-5.250,3.755
13,70,950,11.589,-5.068,3.890
13,84,1037,13.844,-4.862,4.054
11,92,1124,13.961,-3.762,5.240
11,82,1097,13.348,-3.863,5.103
11,86,1059,12.307,-4.073,4.840
11,90,1079,13.730,-4.105,4.802
13,87,1000,12.363,-4.521,4.360
14,76,993,12.912,-5.119,3.851
15,56,605,7.962,-12.204,1.615
14,47,544,6.782,-12.750,1.546
12,45,550,6.788,-14.902,1.323
11,27,503,7.220,-17.917,1.100
13,54,613,7.973,-20.534,0.960
10,52,615,8.840,-29.776,0.662
14,61,523,5.870,-27.369,0.720
11,56,577,6.758,-11.260,1.751
10,39,555,6.980,-31.876,0.618
8,51,497,5.973,-31.434,0.627
7,28,461,6.608,-31.934,0.617
8,28,496,7.354,-31.516,0.625
7,43,483,6.434,-31.373,0.628
13,96,679,5.981,-5.786,3.407
13,90,773,7.489,-5.092,3.871
9,92,814,8.315,-4.872,4.046
10,91,813,7.728,-5.203,3.789
8,92,897,9.688,-4.384,4.496
8,92,905,9.045,-5.004,3.939
8,96,937,10.065,-4.313,4.570
16,84,672,5.635,-6.718,2.934
11,87,668,5.799,-5.904,3.339
11,91,769,8.009,-5.362,3.676
13,76,782,6.973,-6.140,3.211
7,89,919,10.401,-4.395,4.485
10,90,918,9.386,-5.784,3.408
9,86,1011,11.085,-4.126,4.778
11,37,416,1.089,-21.786,0.905
11,50,456,2.130,-20.142,0.979
13,66,533,3.309,-11.023,1.788
7,29,376,0.000,-31.596,0.624
11,36,413,1.780,-30.531,0.646
11,43,449,2.326,-30.451,0.647
8,44,458,2.655,-30.402,0.648
13,68,570,4.066,-10.584,1.862
14,67,562,3.920,-19.136,1.030
9,41,480,2.167,-21.475,0.918
11,57,537,3.357,-23.623,0.834
10,39,481,2.519,-31.459,0.627
8,35,467,2.471,-31.339,0.629
8,66,584,4.202,-28.279,0.697
8,87,687,6.487,-7.416,2.658
10,83,745,7.553,-6.659,2.960
11,78,667,6.191,-11.309,1.743
11,80,708,6.380,-6.527,3.020
12,54,691,6.972,-19.805,0.995
13,42,678,6.722,-22.040,0.894
9,46,616,5.833,-21.722,0.907
11,56,702,7.801,-27.399,0.719
8,60,718,7.701,-28.047,0.703
10,43,624,6.354,-30.324,0.650
10,52,586,5.119,-30.018,0.657
6,36,582,5.753,-31.483,0.626
8,89,972,12.259,-5.579,3.533
9,87,1025,13.160,-4.920,4.007
9,78,996,12.070,-4.682,4.210
11,82,985,12.661,-4.958,3.976
12,46,778,12.474,-15.359,1.283
9,33,702,11.913,-20.370,0.968
6,23,627,11.935,-25.389,0.776
8,38,717,11.672,-23.657,0.833
8,47,772,11.946,-31.206,0.632
10,43,776,12.857,-26.978,0.731
6,32,661,11.446,-30.332,0.650
11,44,790,11.839,-27.103,0.727
9,87,1086,12.703,-5.322,3.704
5,97,1096,14.063,-4.704,4.191
10,79,1113,13.176,-4.679,4.213
14,77,1089,11.939,-5.520,3.571
5,96,1076,14.421,-4.870,4.048
14,57,849,11.257,-10.023,1.967
12,64,809,10.466,-19.019,1.036
10,45,790,10.551,-19.507,1.011
17,56,859,12.255,-9.655,2.042
9,75,841,11.045,-9.502,2.075
14,67,800,9.538,-26.097,0.755
8,65,767,10.653,-30.064,0.656
8,49,800,10.705,-31.235,0.631
7,39,754,10.921,-31.143,0.633
11,45,776,9.479,-30.084,0.655
10,97,1044,11.818,-3.852,5.117
10,94,1081,12.277,-3.747,5.261
12,97,1019,10.944,-4.010,4.916
11,97,1071,12.401,-3.690,5.342
11,90,1119,12.770,-3.587,5.496
10,89,760,9.227,-8.220,2.398
12,84,702,8.733,-8.719,2.261
9,90,736,8.485,-26.525,0.743
10,87,748,8.741,-7.552,2.610
13,85,787,9.166,-4.497,4.383
13,85,846,9.902,-4.231,4.659
10,93,863,9.604,-4.703,4.191
11,81,872,11.104,-4.146,4.755
10,91,930,10.558,-4.966,3.969
8,94,909,11.931,-4.108,4.799
9,91,954,11.681,-4.402,4.478
8,82,986,12.710,-4.674,4.217
14,87,733,8.674,-5.076,3.883
13,84,812,9.996,-4.484,4.396
7,98,835,8.764,-4.866,4.051
10,91,836,11.507,-4.185,4.710
11,88,950,10.539,-5.944,3.316
8,87,905,12.891,-4.154,4.745
10,61,575,7.666,-19.692,1.001
8,61,611,7.303,-22.164,0.889
9,55,593,8.057,-27.177,0.725
8,45,539,7.498,-31.517,0.625
6,53,580,6.406,-30.223,0.652
13,37,554,6.046,-13.603,1.449
10,31,520,6.984,-21.783,0.905
11,56,615,7.045,-13.509,1.459
12,37,503,5.629,-30.324,0.650
8,27,513,7.766,-31.543,0.625
7,27,461,6.614,-31.610,0.624
10,37,555,7.653,-30.281,0.651
8,48,616,7.823,-29.970,0.658
14,64,635,7.704,-26.107,0.755
10,59,629,6.725,-23.211,0.849
12,36,480,2.583,-20.396,0.966
10,38,483,2.095,-21.725,0.907
9,41,532,3.216,-24.100,0.818
6,34,414,1.090,-23.829,0.827
7,35,515,3.371,-31.573,0.624
10,29,430,2.149,-30.477,0.647
7,30,409,1.889,-31.667,0.622
5,30,363,0.000,-31.610,0.624
8,64,666,7.873,-19.733,0.999
7,73,722,8.356,-10.447,1.887
7,51,610,7.431,-31.062,0.635
10,59,686,8.856,-26.961,0.731
10,73,761,8.146,-7.616,2.588
11,64,816,10.068,-19.591,1.006
11,66,886,11.382,-10.193,1.934
12,71,913,12.438,-7.001,2.816
7,65,905,11.441,-22.610,0.872
8,64,750,9.910,-30.122,0.654
10,61,807,9.291,-29.457,0.669
7,79,955,12.441,-29.101,0.677
5,58,891,10.580,-30.518,0.646
12,72,791,12.949,-10.833,1.820
12,67,772,12.722,-11.005,1.791
13,47,702,12.268,-14.849,1.328
13,36,679,12.445,-16.574,1.189
10,19,651,13.150,-21.665,0.910
8,19,605,13.698,-24.431,0.807
8,16,606,13.475,-24.500,0.805
15,61,754,12.104,-10.207,1.931
13,70,810,13.828,-29.423,0.670
12,68,813,13.712,-27.820,0.709
13,72,793,12.069,-9.113,2.163
9,49,678,11.254,-31.503,0.626
11,41,692,12.980,-29.986,0.657
12,44,707,12.124,-27.163,0.726
5,17,557,13.743,-32.509,0.606
7,24,628,13.583,-31.882,0.618
6,25,626,13.180,-31.455,0.627
5,17,552,14.156,-32.175,0.613
13,79,1073,17.617,-5.189,3.799
11,77,1121,17.436,-4.178,4.718
10,90,1114,16.719,-4.000,4.928
9,81,1147,17.549,-3.931,5.015
10,79,1135,16.074,-3.830,5.147
10,81,1149,16.941,-3.873,5.090
9,80,1141,16.202,-3.697,5.332
11,80,1126,15.744,-3.735,5.278
15,70,1089,17.025,-4.562,4.321
11,81,1068,17.027,-4.814,4.095
8,95,1077,16.276,-4.307,4.577
7,87,1146,17.337,-4.073,4.840
7,93,1108,15.588,-3.665,5.379
10,85,1153,17.148,-4.140,4.761
13,70,864,13.472,-12.965,1.520
13,72,841,12.830,-9.689,2.035
12,65,744,12.206,-12.248,1.609
12,49,712,11.127,-13.774,1.431
10,37,613,10.493,-20.054,0.983
9,31,584,10.898,-24.446,0.806
7,35,575,9.656,-24.381,0.809
11,63,848,14.130,-30.529,0.646
12,66,831,12.747,-29.674,0.664
13,82,843,12.140,-7.045,2.798
12,77,851,12.578,-11.833,1.666
13,62,707,11.911,-11.064,1.782
10,56,720,13.026,-28.313,0.696
5,24,529,10.567,-31.566,0.624
7,33,616,11.695,-30.329,0.650
5,26,518,9.280,-31.580,0.624
7,37,599,9.497,-31.921,0.618
15,80,1024,12.716,-4.688,4.205
12,87,1019,13.233,-4.010,4.916
12,91,954,11.360,-4.516,4.365
12,80,1064,13.463,-4.178,4.718
10,89,1030,13.311,-4.000,4.928
9,86,1055,14.158,-3.906,5.047
15,90,967,12.452,-4.332,4.550
12,85,983,11.394,-4.605,4.281
14,88,893,10.716,-4.618,4.269
13,82,950,11.211,-4.674,4.217
10,65,712,8.611,-21.273,0.927
9,65,741,9.918,-13.995,1.409
9,58,661,7.928,-31.248,0.631
11,62,708,8.469,-29.768,0.662
5,63,681,10.068,-30.227,0.652
11,36,361,1.090,-20.430,0.965
11,47,386,2.118,-20.148,0.978
13,66,435,2.901,-11.139,1.770
9,29,348,0.000,-32.027,0.615
9,32,338,0.000,-31.440,0.627
10,41,353,2.287,-30.395,0.649
14,47,375,2.284,-30.084,0.655
13,56,456,3.056,-15.181,1.298
16,66,469,3.918,-8.697,2.267
14,53,410,3.289,-19.210,1.026
14,39,366,2.671,-20.251,0.973
14,36,350,2.132,-15.139,1.302
13,26,336,1.090,-20.530,0.960
9,23,316,1.090,-24.606,0.801
12,50,407,2.834,-27.245,0.724
17,62,451,3.899,-9.506,2.074
12,50,367,3.467,-27.649,0.713
10,36,325,2.420,-31.472,0.626
15,44,387,3.031,-15.191,1.298
9,35,318,2.487,-30.259,0.651
10,21,313,0.000,-30.451,0.647
11,32,374,1.780,-30.013,0.657
6,19,310,0.000,-31.562,0.625
7,17,287,0.000,-32.215,0.612
8,32,340,1.678,-27.922,0.706
12,86,716,10.465,-6.985,2.822
13,67,650,10.999,-8.277,2.382
9,60,594,10.451,-19.602,1.006
12,78,631,9.742,-7.442,2.649
10,57,539,9.783,-21.506,0.917
11,66,560,8.927,-10.047,1.962
8,93,675,9.393,-6.169,3.195
10,72,522,7.640,-19.699,1.001
8,94,623,8.175,-7.356,2.680
8,79,551,7.223,-12.054,1.635
14,72,699,9.544,-9.418,2.093
14,82,768,11.254,-6.406,3.077
7,59,582,9.411,-30.246,0.652
7,48,504,9.673,-31.512,0.626
13,90,748,10.189,-5.569,3.540
7,53,469,7.154,-30.053,0.656
9,84,650,8.100,-7.231,2.726
7,74,517,6.306,-29.855,0.660
13,86,877,12.747,-4.201,4.692
11,86,926,13.071,-3.983,4.949
12,83,891,12.256,-4.236,4.654
11,82,826,12.434,-4.753,4.147
9,90,918,12.893,-4.075,4.837
11,88,889,12.097,-4.090,4.820
13,86,980,14.028,-3.928,5.018
10,87,890,12.246,-4.291,4.594
12,88,933,12.641,-4.106,4.801
10,85,833,11.205,-4.615,4.271
13,76,831,11.129,-8.968,2.198
12,69,749,9.800,-11.057,1.783
10,59,685,9.228,-19.646,1.003
9,55,691,10.020,-24.460,0.806
9,43,630,8.133,-23.969,0.822
14,72,816,11.053,-8.558,2.303
14,68,837,11.851,-26.872,0.734
10,70,749,10.080,-24.551,0.803
14,69,726,9.156,-9.721,2.028
8,49,631,7.737,-27.153,0.726
15,89,930,12.174,-4.811,4.097
14,91,969,12.120,-4.282,4.604
11,93,879,11.191,-4.957,3.977
9,94,1011,12.678,-3.913,5.038
17,85,958,13.187,-4.637,4.251
11,90,987,12.830,-4.641,4.247
14,86,918,11.126,-4.503,4.378
12,100,888,11.435,-4.575,4.309
13,85,861,11.549,-5.415,3.640
12,85,851,10.173,-5.695,3.461
10,93,1013,12.780,-3.852,5.117
10,83,1058,13.739,-3.833,5.143
13,89,984,12.015,-4.136,4.766
11,57,709,12.791,-13.747,1.434
9,42,653,12.266,-20.202,0.976
9,43,653,11.350,-24.129,0.817
5,34,614,12.144,-25.263,0.780
8,51,663,11.776,-27.463,0.718
11,62,737,12.985,-29.284,0.673
10,54,678,11.859,-23.611,0.835
12,65,658,11.837,-19.690,1.001
11,60,607,10.845,-12.960,1.521
11,54,582,11.822,-22.236,0.887
9,51,642,10.982,-30.298,0.651
11,70,704,11.530,-20.986,0.939
9,44,560,10.146,-31.572,0.624
14,64,636,10.372,-9.891,1.993
9,39,553,12.010,-31.553,0.625
11,52,582,11.240,-30.225,0.652
10,98,977,15.496,-4.406,4.474
10,91,1041,15.579,-4.285,4.600
10,93,972,15.139,-4.819,4.091
13,85,1003,15.001,-4.522,4.359
15,66,1099,14.716,-7.034,2.802
13,72,1075,14.556,-10.487,1.880
12,67,1132,15.844,-6.239,3.160
13,66,1120,14.674,-8.035,2.453
14,74,1118,14.824,-23.253,0.848
11,71,1123,15.668,-6.023,3.273
13,70,1088,15.887,-5.030,3.919
10,72,1164,16.729,-10.573,1.864
10,66,738,9.649,-13.930,1.415
10,73,710,9.520,-11.097,1.776
9,52,748,10.457,-30.189,0.653
10,54,692,8.749,-30.173,0.653
10,68,633,9.316,-30.002,0.657
13,53,718,6.948,-19.804,0.995
13,50,756,8.194,-19.719,1.000
11,57,851,9.401,-19.442,1.014
10,39,699,8.354,-19.809,0.995
9,55,877,10.568,-19.374,1.017
8,39,745,9.043,-19.856,0.993
8,46,830,10.197,-19.695,1.001
6,44,895,10.410,-24.047,0.820
9,55,710,6.450,-27.169,0.726
12,43,664,6.391,-30.257,0.652
9,67,890,9.532,-10.036,1.964
6,37,639,7.585,-31.967,0.617
9,56,970,11.507,-29.402,0.670
7,34,714,8.205,-27.404,0.719
13,31,557,3.938,-19.884,0.991
10,27,505,3.427,-21.712,0.908
10,17,441,2.014,-22.525,0.875
6,17,412,2.500,-25.448,0.775
9,14,433,1.090,-24.689,0.798
12,31,585,3.792,-29.653,0.665
12,22,532,3.820,-30.337,0.650
10,27,456,3.891,-30.340,0.650
10,30,529,4.133,-27.670,0.712
4,9,393,0.000,-32.199,0.612
8,15,462,1.887,-31.571,0.624
13,76,737,10.186,-8.705,2.265
11,86,814,11.204,-6.567,3.002
10,84,803,10.109,-8.616,2.288
8,84,885,10.651,-7.839,2.515
9,78,740,8.902,-20.735,0.951
12,80,760,9.616,-7.347,2.683
13,59,721,9.969,-26.771,0.736
12,95,816,11.749,-5.568,3.540
11,83,856,11.788,-6.107,3.228
10,71,756,8.184,-26.617,0.741
12,68,701,8.663,-26.795,0.736
8,40,550,7.944,-17.640,1.117
6,32,531,7.365,-31.881,0.618
6,30,519,7.689,-32.123,0.614
9,39,564,8.935,-31.458,0.627
12,83,753,8.026,-6.936,2.842
10,90,763,8.802,-5.622,3.506
11,101,775,9.214,-5.096,3.868
7,101,859,10.403,-4.486,4.394
11,83,704,7.031,-8.998,2.191
14,81,790,8.654,-5.938,3.320
14,85,809,9.792,-5.203,3.789
10,77,724,8.394,-6.172,3.194
10,95,860,10.843,-4.666,4.225
11,90,906,11.268,-4.230,4.660
9,93,865,9.992,-4.607,4.279
14,66,569,6.703,-12.068,1.633
11,64,509,5.323,-10.528,1.872
12,48,470,4.579,-20.227,0.975
11,44,411,3.291,-23.680,0.832
9,44,356,2.101,-21.701,0.908
10,40,364,2.551,-22.025,0.895
7,35,310,1.090,-23.929,0.824
16,56,624,7.314,-25.586,0.770
10,60,555,6.523,-30.497,0.646
13,67,474,4.949,-9.645,2.044
11,71,530,5.597,-9.490,2.077
10,40,501,5.326,-30.360,0.649
10,46,452,4.667,-30.346,0.650
9,48,399,3.639,-27.645,0.713
7,39,320,2.307,-30.431,0.648
5,33,310,1.888,-30.501,0.646
5,35,278,0.000,-32.395,0.609
8,88,655,9.577,-9.295,2.121
10,82,664,9.951,-17.825,1.106
8,87,706,10.025,-6.730,2.929
8,80,597,9.150,-26.598,0.741
13,76,482,7.270,-7.869,2.505
12,58,407,6.219,-12.175,1.619
9,59,413,6.027,-19.956,0.988
7,55,393,4.923,-22.100,0.892
7,51,450,7.086,-21.963,0.898
17,66,532,7.934,-7.732,2.549
11,72,484,7.391,-8.048,2.449
11,48,403,6.605,-27.431,0.719
11,63,366,5.342,-11.417,1.727
5,43,439,7.080,-31.497,0.626
11,41,477,7.989,-30.285,0.651
16,43,527,6.662,-19.823,0.994
15,56,589,8.079,-11.479,1.717
11,56,612,9.081,-13.250,1.488
11,79,614,8.629,-8.200,2.404
11,45,527,6.780,-30.286,0.651
12,34,514,6.479,-31.238,0.631
14,59,598,8.177,-13.845,1.424
8,51,579,8.888,-30.211,0.652
10,49,601,8.789,-31.326,0.629
8,74,643,10.009,-10.160,1.940
9,83,673,9.480,-6.842,2.881
10,76,617,7.929,-9.727,2.027
9,81,598,8.305,-7.125,2.767
11,25,228,1.090,-21.803,0.904
10,23,223,1.090,-21.939,0.899
12,20,250,1.090,-16.968,1.162
9,19,207,0.000,-31.709,0.622
10,31,223,1.780,-31.594,0.624
8,17,193,0.000,-31.651,0.623
9,25,250,1.780,-30.421,0.648
9,15,224,0.000,-32.218,0.612
9,19,268,1.780,-31.342,0.629
11,53,355,4.062,-12.742,1.547
12,43,327,5.044,-15.634,1.261
12,39,294,4.048,-19.957,0.988
8,62,404,4.519,-27.226,0.724
12,44,328,3.022,-30.340,0.650
12,46,365,6.010,-27.408,0.719
8,37,310,4.939,-31.544,0.625
11,40,288,3.980,-31.468,0.626
10,31,261,3.598,-31.518,0.625
7,44,343,5.397,-20.230,0.974
9,32,332,4.704,-30.393,0.649
7,40,304,5.122,-32.031,0.615
6,42,377,6.039,-30.475,0.647
11,36,408,2.143,-20.046,0.983
10,28,360,1.090,-21.825,0.903
13,33,345,2.132,-20.146,0.978
7,38,426,2.679,-32.045,0.615
10,30,392,2.343,-31.963,0.617
9,29,372,1.781,-32.103,0.614
8,18,327,0.000,-32.209,0.612
12,33,330,2.687,-27.729,0.711
9,28,334,2.328,-30.364,0.649
13,63,605,7.297,-10.984,1.795
13,56,615,7.275,-17.894,1.102
13,61,659,8.720,-9.895,1.992
15,49,657,9.011,-11.258,1.751
11,35,624,9.577,-14.829,1.329
8,38,590,9.893,-24.420,0.807
10,29,599,10.063,-24.325,0.810
12,67,650,7.612,-7.898,2.496
10,61,583,7.562,-26.780,0.736
10,42,572,6.984,-30.258,0.651
12,65,622,6.738,-11.100,1.776
10,75,691,9.164,-7.179,2.746
10,60,639,9.321,-25.269,0.780
15,57,663,8.972,-10.694,1.843
5,31,549,10.515,-31.530,0.625
8,37,595,9.700,-27.463,0.718
5,29,557,10.674,-32.098,0.614
8,37,601,10.013,-31.108,0.634
12,26,430,2.120,-20.356,0.968
11,19,400,1.090,-22.380,0.881
9,19,424,1.913,-22.030,0.895
8,25,456,2.954,-25.304,0.779
6,19,393,1.090,-24.390,0.808
10,29,421,2.491,-27.497,0.717
10,23,407,2.353,-31.485,0.626
9,14,345,0.000,-31.632,0.623
11,22,394,1.780,-30.320,0.650
5,21,370,0.000,-31.534,0.625
13,71,668,7.587,-8.772,2.247
10,66,635,6.885,-19.614,1.005
12,58,604,5.572,-11.995,1.643
14,75,722,8.151,-7.296,2.702
13,75,663,8.156,-12.964,1.521
14,60,690,7.583,-11.065,1.782
11,56,606,6.856,-27.374,0.720
11,68,634,5.873,-11.956,1.649
11,45,564,4.841,-29.842,0.661
8,31,466,5.717,-20.325,0.970
7,26,407,5.123,-32.154,0.613
7,25,444,6.213,-31.651,0.623
8,41,502,6.340,-30.454,0.647
11,22,342,2.132,-20.514,0.961
10,18,301,1.090,-20.658,0.954
12,19,337,2.125,-20.253,0.973
7,20,346,2.694,-32.137,0.613
10,22,317,2.307,-32.082,0.614
10,15,304,1.780,-31.486,0.626
8,14,261,0.000,-32.239,0.611
9,24,340,2.703,-31.535,0.625
10,18,315,2.306,-31.526,0.625
12,48,635,7.834,-12.826,1.537
13,46,680,8.186,-11.309,1.743
10,48,661,8.512,-19.876,0.992
5,51,618,8.151,-23.878,0.826
7,45,666,9.329,-23.367,0.844
13,52,631,8.633,-20.112,0.980
10,49,648,8.040,-29.103,0.677
11,54,740,9.158,-26.422,0.746
12,53,643,7.497,-11.721,1.682
4,36,650,9.754,-31.349,0.629
8,53,675,9.773,-30.004,0.657
13,26,440,7.140,-20.358,0.968
10,30,455,8.063,-22.343,0.882
14,31,497,8.182,-15.934,1.237
7,24,397,6.549,-32.151,0.613
12,34,479,6.597,-30.297,0.651
10,19,406,8.304,-31.574,0.624
8,33,491,7.771,-31.450,0.627
9,30,488,7.600,-31.409,0.628
12,38,561,9.022,-29.932,0.659
12,63,609,7.347,-12.314,1.601
13,57,664,7.466,-19.338,1.019
14,61,682,6.810,-19.459,1.013
11,59,624,5.386,-19.444,1.014
9,61,663,5.566,-21.206,0.930
12,59,549,6.337,-29.716,0.663
12,63,639,7.822,-11.162,1.766
14,65,722,8.535,-22.209,0.888
12,51,631,7.249,-27.076,0.728
12,75,693,6.962,-9.081,2.171
12,63,758,7.487,-26.722,0.738
11,52,571,5.204,-26.905,0.733
10,67,579,4.756,-26.801,0.736
11,63,721,6.602,-26.975,0.731
8,50,616,4.881,-27.072,0.728
12,50,701,9.244,-21.471,0.918
12,72,702,9.559,-11.890,1.658
12,75,778,9.911,-8.988,2.193
10,72,663,8.356,-13.073,1.508
9,43,646,8.796,-30.216,0.652
9,52,719,8.569,-31.099,0.634
13,76,682,7.562,-9.822,2.007
8,61,618,8.288,-31.399,0.628
12,80,970,11.618,-8.746,2.254
12,74,929,10.404,-9.323,2.114
12,80,952,10.359,-8.518,2.314
11,85,1009,11.456,-6.007,3.282
8,77,894,9.225,-20.209,0.975
12,70,946,11.573,-24.314,0.811
12,84,1014,12.494,-6.312,3.123
10,77,945,10.606,-7.502,2.628
11,67,870,9.511,-26.713,0.738
7,80,892,9.347,-9.703,2.032
6,71,845,8.274,-26.603,0.741
14,84,940,11.357,-5.488,3.592
14,76,909,10.388,-7.281,2.707
9,86,953,10.838,-6.229,3.165
10,71,845,9.079,-18.531,1.064
9,84,922,10.099,-7.026,2.806
8,70,803,8.175,-19.066,1.034
8,79,837,8.755,-10.094,1.953
10,91,978,11.444,-4.904,4.020
16,82,894,10.326,-6.084,3.240
11,83,1015,11.899,-5.675,3.474
10,72,802,8.880,-27.157,0.726
11,82,958,10.676,-6.969,2.829
5,67,756,7.147,-29.985,0.657
11,66,835,8.286,-19.073,1.034
11,105,755,8.586,-5.684,3.468
14,88,737,7.481,-6.062,3.252
10,95,730,8.346,-6.351,3.104
13,92,733,9.108,-6.371,3.094
12,87,677,6.791,-7.213,2.733
10,78,888,10.931,-18.080,1.090
8,67,896,11.156,-29.639,0.665
8,70,828,10.230,-29.326,0.672
14,76,926,11.961,-9.069,2.174
12,84,1131,14.875,-4.005,4.922
13,82,1190,16.111,-3.686,5.348
10,81,1219,16.432,-4.354,4.527
8,84,1198,16.583,-4.780,4.124
8,85,1236,15.951,-3.796,5.193
13,88,1116,14.310,-4.168,4.729
12,82,1107,15.198,-4.172,4.725
11,80,1188,16.580,-3.835,5.140
13,83,1206,15.877,-3.532,5.581
7,84,1249,16.148,-4.266,4.621
7,80,1255,15.461,-3.445,5.722
15,84,1083,11.695,-3.589,5.492
15,87,1113,11.582,-3.436,5.737
11,91,1048,10.175,-3.689,5.344
11,89,1173,12.547,-3.223,6.116
11,83,1078,11.572,-3.634,5.424
15,81,1025,10.991,-3.916,5.034
14,85,1121,12.021,-3.510,5.616
9,86,1066,10.332,-3.676,5.362
8,93,999,9.655,-3.886,5.073
10,86,1053,9.850,-3.789,5.203
11,86,1189,12.618,-3.205,6.151
10,75,1181,12.211,-3.233,6.097
10,81,1229,13.563,-3.126,6.306
12,90,839,8.553,-9.753,2.021
10,92,789,7.611,-6.274,3.142
14,81,800,8.145,-5.217,3.779
11,83,721,6.525,-6.962,2.831
12,81,810,8.317,-12.513,1.575
12,82,850,8.653,-25.786,0.764
11,85,862,9.133,-5.065,3.892
12,71,977,12.609,-9.305,2.118
13,62,927,11.916,-10.256,1.922
10,77,914,11.933,-7.204,2.736
10,53,840,10.737,-21.224,0.929
10,64,842,11.247,-10.266,1.920
9,55,797,10.279,-23.207,0.849
13,78,1023,13.257,-6.271,3.143
12,71,963,12.870,-26.215,0.752
12,83,957,12.476,-5.550,3.552
7,43,825,10.322,-30.065,0.656
12,63,810,11.346,-9.246,2.132
6,47,749,9.371,-31.254,0.631
16,88,1074,12.299,-3.680,5.357
15,88,1082,11.884,-3.640,5.416
12,97,1013,10.921,-4.012,4.913
14,84,1163,13.178,-3.380,5.832
16,89,1090,12.984,-3.534,5.578
14,82,1105,12.897,-3.628,5.433
16,84,1047,11.474,-3.788,5.204
10,97,1006,10.794,-4.208,4.685
12,88,943,9.920,-4.343,4.539
13,92,1032,11.526,-4.029,4.893
10,96,1157,13.019,-3.481,5.663
12,90,1179,13.599,-3.306,5.963
14,82,1204,13.788,-3.239,6.086
10,98,856,9.740,-4.569,4.314
11,100,920,10.825,-4.122,4.782
12,98,783,8.944,-4.977,3.961
13,98,846,9.726,-4.790,4.115
12,89,905,10.606,-4.148,4.752
12,64,652,8.110,-21.169,0.931
11,56,669,7.976,-12.359,1.595
8,45,708,9.051,-21.487,0.917
7,36,702,9.603,-25.118,0.785
7,53,697,7.952,-23.336,0.845
9,54,605,7.754,-29.971,0.658
14,60,714,8.930,-26.525,0.743
12,70,703,8.283,-9.597,2.054
9,51,608,6.997,-27.023,0.729
8,100,696,7.329,-8.123,2.427
6,82,706,8.058,-12.305,1.602
8,91,688,6.769,-6.787,2.904
12,95,755,8.123,-6.165,3.197
16,80,717,7.506,-8.225,2.397
16,76,803,8.244,-6.455,3.054
11,56,696,7.666,-19.452,1.013
10,96,881,9.758,-5.732,3.439
20,85,719,8.146,-7.114,2.771
14,91,790,8.112,-5.582,3.531
13,74,798,8.016,-7.838,2.515
8,55,642,7.236,-31.186,0.632
8,51,669,7.084,-31.308,0.630
10,61,745,8.686,-30.076,0.655
12,89,952,10.306,-4.953,3.980
12,93,902,10.166,-5.367,3.673
11,83,903,9.644,-7.240,2.723
15,66,495,4.300,-19.327,1.020
15,72,549,5.168,-9.594,2.055
11,80,550,5.069,-11.240,1.754
11,61,526,4.449,-13.466,1.464
11,55,446,3.236,-27.160,0.726
15,68,516,4.761,-26.739,0.737
15,74,598,6.014,-8.943,2.204
10,82,576,5.523,-13.577,1.452
9,81,477,4.101,-29.227,0.674
9,86,589,5.947,-8.148,2.419
10,67,541,5.017,-27.198,0.725
10,50,478,3.870,-21.088,0.935
8,52,535,4.376,-30.102,0.655
13,47,369,2.886,-19.499,1.011
13,58,411,3.301,-21.962,0.898
9,45,386,4.312,-17.224,1.144
10,39,322,2.617,-31.545,0.625
12,57,395,2.711,-11.966,1.647
7,35,359,4.167,-31.172,0.632
11,52,423,4.818,-29.134,0.677
6,38,391,4.896,-32.384,0.609
14,46,420,4.954,-20.068,0.982
12,40,363,4.263,-19.973,0.987
13,27,399,4.564,-21.514,0.916
12,20,357,3.293,-23.536,0.838
9,14,290,2.099,-20.719,0.951
7,14,284,2.548,-24.094,0.818
6,13,256,1.090,-24.970,0.789
12,38,444,5.952,-30.292,0.651
12,57,480,5.168,-14.005,1.408
13,42,356,3.264,-27.517,0.716
10,29,319,4.431,-30.348,0.650
10,22,396,4.607,-30.331,0.650
9,44,451,5.286,-30.835,0.639
7,30,368,3.601,-31.475,0.626
6,15,317,3.636,-31.564,0.625
5,15,275,1.888,-32.172,0.613
4,10,229,0.000,-32.297,0.610
12,32,570,8.462,-19.880,0.992
11,26,550,8.055,-21.624,0.912
9,36,618,8.154,-15.253,1.292
8,47,690,9.131,-23.360,0.844
9,33,589,7.471,-24.176,0.815
10,35,624,9.461,-31.307,0.630
9,25,522,8.613,-31.456,0.627
9,19,533,8.880,-31.612,0.624
10,27,488,7.116,-30.373,0.649
9,31,530,6.770,-31.543,0.625
11,78,865,11.302,-6.281,3.138
11,81,865,10.337,-6.541,3.014
12,71,778,9.384,-8.320,2.369
9,87,920,11.830,-5.286,3.729
13,70,898,12.077,-7.489,2.632
9,89,873,9.895,-5.487,3.593
9,83,919,10.937,-6.945,2.838
10,72,755,8.403,-7.464,2.641
10,71,795,9.883,-14.775,1.334
16,45,805,12.294,-18.977,1.039
14,60,897,12.975,-8.892,2.217
11,31,738,10.830,-20.232,0.974
9,63,901,13.126,-19.047,1.035
12,40,808,12.849,-27.461,0.718
13,68,943,14.000,-7.468,2.640
14,62,897,12.513,-8.951,2.202
8,36,740,10.777,-31.424,0.627
7,28,687,10.562,-32.012,0.616
13,33,732,10.329,-27.266,0.723
7,77,938,13.741,-25.727,0.766
9,60,893,13.848,-26.107,0.755
9,48,860,12.202,-31.353,0.629
15,80,1063,16.841,-5.355,3.681
11,72,1040,17.161,-7.103,2.775
12,87,1062,16.374,-4.775,4.128
12,81,1093,17.500,-5.096,3.868
8,74,1029,17.575,-17.086,1.154
13,68,1006,16.182,-7.892,2.498
10,77,1076,18.000,-5.890,3.347
13,84,1078,15.842,-4.243,4.646
12,85,1111,17.272,-4.210,4.682
12,82,1037,15.584,-4.996,3.946
10,55,727,12.721,-21.532,0.915
9,44,752,13.321,-21.415,0.920
8,43,793,13.369,-23.795,0.828
6,40,710,13.904,-23.924,0.824
8,45,716,11.665,-31.440,0.627
7,51,702,12.889,-30.296,0.651
11,77,966,17.743,-8.505,2.318
10,67,985,17.596,-10.340,1.906
9,61,952,16.444,-24.014,0.821
7,74,1059,18.237,-18.588,1.060
12,77,1020,17.941,-6.231,3.164
10,71,925,17.091,-25.890,0.761
8,60,900,16.158,-29.841,0.661
15,88,807,15.396,-6.281,3.138
14,81,720,15.238,-7.728,2.551
12,87,707,16.013,-6.677,2.952
11,67,657,13.782,-13.472,1.463
14,82,807,14.932,-8.143,2.421
14,84,805,14.948,-5.977,3.298
12,76,731,15.767,-8.477,2.325
11,74,650,16.011,-8.463,2.329
13,88,745,16.498,-6.036,3.266
12,86,699,15.542,-6.647,2.966
10,57,598,13.825,-29.956,0.658
11,70,661,13.335,-15.836,1.245
7,59,669,13.387,-26.910,0.733
13,81,879,14.448,-10.048,1.962
13,63,799,14.020,-12.084,1.631
14,50,778,13.607,-11.779,1.674
12,37,693,13.471,-15.205,1.296
10,32,665,13.823,-24.388,0.808
11,75,885,13.604,-14.063,1.402
14,77,906,15.104,-7.184,2.744
13,71,782,14.922,-12.482,1.579
12,57,754,13.258,-29.353,0.672
14,45,777,12.713,-13.660,1.443
13,55,796,14.449,-11.757,1.677
10,42,685,14.246,-30.161,0.654
9,34,653,12.491,-31.233,0.631
6,23,610,13.868,-31.628,0.623
8,36,699,14.886,-30.127,0.654
8,27,666,13.059,-31.438,0.627
10,97,1140,18.174,-4.219,4.672
8,93,1175,17.797,-4.229,4.661
10,91,1171,16.637,-4.706,4.189
10,83,1209,18.758,-4.495,4.385
11,88,1173,18.234,-3.853,5.116
14,83,1127,18.758,-3.867,5.098
15,96,935,16.229,-4.826,4.085
14,91,993,16.620,-5.216,3.779
11,79,1015,15.230,-18.270,1.079
11,93,1072,17.665,-4.494,4.386
14,91,895,15.538,-5.375,3.667
14,91,936,16.952,-4.388,4.492
11,87,976,16.924,-5.159,3.821
9,85,946,14.515,-26.285,0.750
11,84,1057,14.918,-9.329,2.113
10,80,1034,15.234,-21.265,0.927
9,84,1060,18.642,-4.100,4.808
10,82,1108,17.851,-4.804,4.103
13,77,1098,17.582,-4.390,4.490
13,69,815,12.997,-13.258,1.487
12,63,749,13.574,-13.098,1.505
13,45,715,14.167,-18.918,1.042
12,43,638,15.028,-21.756,0.906
10,35,613,15.187,-20.194,0.976
7,40,623,14.041,-23.582,0.836
7,32,552,14.726,-23.893,0.825
9,63,807,12.160,-29.328,0.672
13,63,865,13.817,-26.945,0.732
15,67,759,14.425,-8.826,2.233
11,46,723,12.863,-31.175,0.632
10,42,692,13.413,-31.806,0.620
12,55,745,14.329,-25.129,0.784
11,48,617,14.943,-30.294,0.651
7,43,657,13.338,-29.769,0.662
6,32,538,14.579,-32.123,0.614
4,30,526,13.956,-31.555,0.625
14,88,1067,13.090,-5.750,3.428
10,88,1083,12.733,-4.817,4.092
12,82,1018,13.156,-10.071,1.957
17,85,1123,13.972,-4.834,4.078
13,93,1093,12.535,-4.220,4.671
10,91,999,11.804,-5.136,3.838
14,82,1096,13.680,-4.342,4.540
9,84,1005,13.527,-26.356,0.748
10,83,1043,12.918,-8.317,2.370
10,81,964,12.492,-27.560,0.715
16,90,1123,13.830,-5.577,3.535
14,88,1185,15.122,-4.243,4.646
11,83,1119,12.912,-8.217,2.399
9,94,1210,16.012,-4.365,4.516
16,79,1103,14.141,-6.266,3.146
16,88,1191,15.401,-3.935,5.010
14,90,1184,14.917,-4.335,4.547
11,82,1133,13.513,-20.736,0.951
10,78,1064,12.141,-26.252,0.751
14,82,1148,12.825,-6.900,2.857
9,93,1239,16.919,-3.804,5.182
12,85,1174,16.471,-4.472,4.408
10,94,1200,15.611,-4.887,4.034
12,61,832,10.245,-19.341,1.019
13,56,849,11.388,-19.326,1.020
11,51,754,11.560,-21.568,0.914
6,48,691,10.898,-24.823,0.794
11,48,744,12.389,-24.018,0.821
10,48,774,9.418,-29.928,0.659
13,65,811,10.099,-26.673,0.739
12,67,885,12.315,-11.517,1.712
9,64,855,11.092,-29.190,0.675
11,53,803,12.564,-26.949,0.731
10,88,804,7.900,-8.705,2.265
12,88,752,7.336,-6.863,2.872
10,81,764,7.593,-26.615,0.741
13,86,875,8.904,-7.162,2.752
16,97,1014,11.740,-4.171,4.726
16,86,1057,12.163,-3.930,5.016
11,96,993,10.818,-4.284,4.601
9,91,1152,13.482,-3.674,5.365
18,100,1046,11.918,-4.302,4.582
14,92,1028,11.449,-4.052,4.865
15,97,1014,11.897,-4.125,4.779
13,93,960,10.556,-4.760,4.141
14,95,954,9.999,-4.467,4.413
11,98,1043,11.120,-4.119,4.786
9,93,1151,13.886,-3.619,5.447
12,94,1166,13.508,-3.843,5.129
8,95,1164,12.877,-3.577,5.511
12,66,851,7.527,-19.303,1.021
12,56,960,8.506,-19.656,1.003
10,63,960,8.743,-14.330,1.376
9,62,994,9.427,-19.464,1.013
8,65,1018,9.852,-20.893,0.943
10,63,1045,10.463,-19.254,1.024
10,73,1046,10.648,-12.238,1.611
11,69,1094,11.798,-10.474,1.882
9,54,803,6.514,-31.141,0.633
13,67,853,7.928,-27.011,0.730
10,65,904,8.237,-29.664,0.665
9,60,974,9.488,-26.978,0.731
8,67,1008,10.216,-25.697,0.767
9,72,1052,11.247,-26.687,0.739
8,72,1110,12.359,-8.966,2.199
13,84,565,4.949,-8.179,2.410
12,66,491,3.539,-9.336,2.111
13,50,479,3.354,-13.410,1.470
13,39,503,4.568,-23.633,0.834
10,42,556,5.393,-21.645,0.911
9,50,587,5.145,-23.327,0.845
6,33,580,6.581,-23.588,0.836
16,78,589,5.446,-7.290,2.704
13,70,592,5.249,-13.841,1.424
15,58,454,2.831,-18.615,1.059
12,79,466,3.400,-7.600,2.594
8,47,410,2.490,-27.427,0.719
14,55,500,3.282,-14.662,1.344
10,35,482,4.410,-30.303,0.651
10,54,565,4.342,-27.128,0.727
5,31,542,6.575,-31.509,0.626
5,36,610,7.253,-32.001,0.616
9,95,626,7.226,-6.570,3.000
9,89,602,6.527,-10.316,1.911
13,94,610,7.129,-6.095,3.234
12,92,693,7.770,-5.964,3.305
9,72,690,7.339,-10.958,1.799
8,69,668,6.745,-27.225,0.724
12,76,708,7.062,-8.144,2.420
10,75,701,7.651,-24.326,0.810
12,55,504,3.410,-19.282,1.022
12,33,439,2.138,-21.754,0.906
13,27,461,1.090,-21.761,0.906
12,36,457,2.085,-22.013,0.895
10,43,523,3.162,-20.305,0.971
7,40,592,3.587,-23.525,0.838
8,44,493,3.850,-23.414,0.842
16,55,498,3.765,-9.645,2.044
12,46,565,3.554,-27.187,0.725
9,27,432,2.396,-30.442,0.648
10,36,384,2.532,-30.494,0.646
10,27,528,1.780,-30.382,0.649
7,24,399,0.000,-31.561,0.625
9,43,385,2.526,-30.402,0.648
7,34,606,3.209,-31.274,0.630
5,44,639,4.649,-31.258,0.631
7,42,443,2.917,-30.263,0.651
14,59,333,2.138,-12.190,1.617
12,55,334,1.090,-12.658,1.557
11,52,320,1.246,-20.088,0.981
11,48,317,2.185,-22.205,0.888
7,43,320,0.000,-24.965,0.790
12,47,302,2.479,-30.340,0.650
12,72,354,3.029,-8.752,2.252
13,68,373,1.780,-9.578,2.058
9,46,307,0.000,-30.405,0.648
8,41,324,0.000,-30.443,0.648
12,42,351,1.090,-14.436,1.366
11,59,351,2.121,-11.514,1.712
13,39,314,1.090,-15.626,1.262
13,44,318,2.093,-23.768,0.829
11,43,348,2.099,-15.065,1.308
8,46,360,2.547,-21.816,0.904
8,46,355,1.090,-23.740,0.830
10,32,314,0.000,-30.525,0.646
11,38,351,1.780,-27.813,0.709
12,66,385,3.016,-9.411,2.095
14,54,342,2.375,-10.914,1.806
8,35,287,0.000,-31.619,0.623
10,33,316,1.781,-31.582,0.624
10,42,309,2.257,-30.415,0.648
6,48,371,2.300,-31.191,0.632
8,49,354,3.421,-27.579,0.715
8,42,345,0.000,-27.688,0.712
5,44,370,0.000,-31.511,0.626
12,51,470,6.204,-18.880,1.044
11,31,469,6.358,-24.182,0.815
10,55,509,6.010,-19.524,1.010
11,44,433,5.761,-30.326,0.650
5,34,447,6.740,-31.530,0.625
11,63,502,5.663,-10.723,1.838
10,61,549,6.964,-26.881,0.733
9,52,481,5.219,-30.204,0.653
14,84,556,4.785,-7.287,2.705
12,75,560,4.404,-12.286,1.604
12,87,510,4.344,-6.415,3.073
15,84,610,5.848,-5.965,3.305
13,76,587,4.753,-11.058,1.783
11,74,600,5.268,-21.740,0.907
11,60,519,3.364,-30.088,0.655
15,84,550,4.696,-6.241,3.159
11,80,473,3.290,-7.647,2.578
13,92,518,5.186,-6.198,3.180
13,42,437,4.008,-15.623,1.262
15,32,406,2.863,-19.984,0.986
15,36,430,2.826,-13.166,1.497
12,33,382,2.125,-16.091,1.225
9,19,354,1.090,-24.984,0.789
11,39,434,3.891,-30.372,0.649
10,31,421,4.531,-32.145,0.613
11,23,362,2.086,-31.574,0.624
11,38,395,3.486,-30.267,0.651
12,50,457,3.830,-10.806,1.824
13,45,442,3.082,-24.763,0.796
10,30,358,2.377,-31.668,0.622
9,34,403,2.439,-30.294,0.651
6,15,314,0.000,-31.708,0.622
8,15,321,0.000,-32.280,0.611
7,25,354,1.678,-31.567,0.624
15,47,684,9.134,-12.552,1.570
14,59,721,8.717,-10.294,1.915
11,80,795,9.772,-17.433,1.131
12,47,706,8.098,-19.976,0.987
10,40,694,10.047,-30.229,0.652
12,60,673,8.921,-18.744,1.052
13,64,699,8.037,-7.964,2.475
15,73,839,9.405,-8.045,2.450
10,86,809,10.209,-16.317,1.208
11,62,837,10.418,-26.431,0.746
10,59,712,7.650,-27.322,0.721
9,48,724,8.972,-30.216,0.652
9,42,641,7.304,-27.546,0.716
